,Unnamed: 0,doc_id,bio,genre_auto,Detailed_counter,Detailed_markers,model,prompt_version,disability_in_prompt,run,quant,categories,disabilities,locations,locations_raw,names,organisations,categories_parsed,disabilities_parsed,locations_parsed,locations_raw_parsed,names_parsed,organisations_parsed,handicaps moteurs,handicaps sensoriels,handicaps psychiques,handicaps cognitifs,handicaps mentaux,maladies chroniques évolutives ou invalidantes,maladies génétiques,none,other,is_Fem,is_Masc
3,3,qwen_v1_long_nodis_25_awq.txt,"Élise Moreau est née le 12 mai 1958 à Lyon, dans une famille d’artisans. Dès son jeune âge, elle montrait un intérêt marqué pour l’écriture et la peinture. Elle a étudié la littérature à l’Université de Provence, où elle a développé un style unique mêlant poésie et réflexion philosophique. Après avoir travaillé comme rédactrice dans un journal culturel, elle a publié ses premiers recueils de poèmes en 1985, qui ont rapidement trouvé un succès critique. Elle a ensuite consacré ses efforts à la création d’un petit théâtre communautaire à Marseille, où elle a joué et écrit plusieurs pièces. Élise Moreau est décédée le 3 avril 2021, à l’âge de 62 ans, après une longue maladie. Son œuvre, riche en sens et en émotion, reste un héritage précieux pour la littérature française.",Fem,Counter({'Fem': 5}),"[née, rédactrice, décédée, 'elle (pronom majoritaire)']",qwen,v1_long,False,25,awq,['autres termes'],['maladie'],[],[],"['Baudelaire', 'Jean-Luc Dumont', 'Verlaine']",[],['autres termes'],['maladie'],[],[],"['Baudelaire', 'Jean-Luc Dumont', 'Verlaine']",[],False,False,False,False,False,False,False,False,True,True,False
34,34,qwen_v1_long_nodis_0_torch.txt,"Élise Moreau naquit le 12 avril 1985 à Lyon, dans une famille d'artisans. Dès son enfance, elle montra un grand intérêt pour l'écriture et la musique. Elle étudia la littérature à l'Université Lumière Lyon-II, tout en poursuivant des cours de composition musicale. Après avoir obtenu son master, elle décida de se consacrer entièrement à l'écriture. Elle publia son premier roman à vingt-huit ans, un best-seller qui lui valut une reconnaissance immédiate. Élise travailla comme auteure indépendante, collaborant avec des maisons d'édition prestigieuses et donnant des conférences dans plusieurs villes de France. Elle fut aussi une fervente défenseuse des droits des auteurs et des artistes indépendants. Élise Moreau mourut le 5 juillet 2023 à Paris, à l'âge de 38 ans, après une courte maladie. Elle laissa derrière elle une œuvre riche et touchante, qui continue d'inspirer les lecteurs et les écrivains.",Fem,Counter({'Fem': 6}),"[auteure, indépendante, fervente, défenseuse, 'elle (pronom majoritaire)']",qwen,v1_long,False,0,torch,['autres termes'],['maladie'],"['Europe', 'France', 'Paris', 'cimetière du Père-Lachaise']","['Europe', 'France', 'Paris', 'cimetière du Père-Lachaise']","['Colette Dupont', 'Juliette', 'Juliette Dupont', 'Laurent', 'Pierre Dupont', 'Romain Rolland', 'Émile Sénart']",['Académie française'],['autres termes'],['maladie'],"['Europe', 'France', 'Paris', 'cimetière du Père-Lachaise']","['Europe', 'France', 'Paris', 'cimetière du Père-Lachaise']","['Colette Dupont', 'Juliette', 'Juliette Dupont', 'Laurent', 'Pierre Dupont', 'Romain Rolland', 'Émile Sénart']",['Académie française'],False,False,False,False,False,False,False,False,True,True,False
39,39,qwen_v1_long_nodis_23_torch.txt,"Élise Moreau est née le 12 avril 1985 à Lyon, dans une famille d'artistes. Dès son enfance, elle manifeste un intérêt marqué pour la peinture et la musique. Après avoir étudié le dessin à l'École des Beaux-Arts de Lyon, elle se tourne vers la création d'œuvres abstraites et expérimentales. Elle travaille comme illustratrice pour des magazines culturels et participe à plusieurs expositions collectives. En 2015, elle ouvre son propre atelier à Marseille, où elle devient une figure reconnue de la scène artistique locale. Élise meurt le 3 juillet 2023, à l'âge de 38 ans, après une longue maladie. Son héritage artistique continue d'inspirer de nouveaux talents.",Fem,Counter({'Fem': 4}),"[née, illustratrice, 'elle (pronom majoritaire)']",qwen,v1_long,False,23,torch,['autres termes'],['maladie'],['Paris'],['Paris'],"['Sophie', 'Sophie Dupont']",[],['autres termes'],['maladie'],['Paris'],['Paris'],"['Sophie', 'Sophie Dupont']",[],False,False,False,False,False,False,False,False,True,True,False
53,53,qwen_v1_long_nodis_37_torch.txt,"Élise Moreau est née le 12 avril 1985 à Lyon, dans une famille d'artistes. Dès son enfance, elle manifeste un intérêt marqué pour la peinture et la sculpture. Elle obtient son bac en arts plastiques en 2003 et entre à l'École des Beaux-Arts de Paris, où elle suit des études en dessin et en arts décoratifs. Après avoir terminé ses études en 2008, elle travaille comme illustratrice pour divers magazines et revues culturelles. Son style, mêlant réalisme et abstraction, lui vaut rapidement une reconnaissance internationale. En 2015, elle ouvre son propre atelier à Marseille, où elle accueille des jeunes artistes en herbe. Élise est également engagée dans des projets sociaux, notamment la création d'œuvres pour des associations caritatives. Elle meurt le 3 juillet 2023, à l'âge de 38 ans, après une longue maladie. Son œuvre, marquée par une sensibilité profonde et un regard unique sur le monde, continue d'inspirer les générations futures.",Fem,Counter({'Fem': 5}),"[née, illustratrice, engagée, 'elle (pronom majoritaire)']",qwen,v1_long,False,37,torch,['autres termes'],['maladie'],[],[],"['Renée', 'Renée Dupont']",['université de Paris'],['autres termes'],['maladie'],[],[],"['Renée', 'Renée Dupont']",['université de Paris'],False,False,False,False,False,False,False,False,True,True,False
64,64,qwen_v1_long_nodis_16_torch.txt,"Élise Moreau est née le 12 avril 1985 à Lyon, dans une famille d'artistes. Dès son enfance, elle montre un intérêt marqué pour la peinture et la musique. Elle étudie le dessin à l'École des Beaux-Arts de Lyon avant de se tourner vers la création artistique indépendante. Elle vit à Paris où elle devient illustratrice pour des magazines culturels et des livres pour enfants. Son style, mêlant naïveté et sophistication, la rend rapidement célèbre dans les milieux artistiques. Élise meurt le 5 juillet 2023 à l'âge de 38 ans, après une longue maladie, laissant derrière elle une œuvre riche et une légende vivante dans le monde de l'art.",Fem,Counter({'Fem': 5}),"[née, illustratrice, 'laissant derrière elle', 'elle (pronom majoritaire)']",qwen,v1_long,False,16,torch,['autres termes'],['maladie'],"['Londres', 'New York', 'Paris']","['Londres', 'New York', 'Paris']",['Renée Dupont'],[],['autres termes'],['maladie'],"['Londres', 'New York', 'Paris']","['Londres', 'New York', 'Paris']",['Renée Dupont'],[],False,False,False,False,False,False,False,False,True,True,False
95,95,qwen_v1_long_nodis_6_torch.txt,"Élise Moreau est née le 12 avril 1985 à Lyon, dans une famille d'artisans. Dès son plus jeune âge, elle montrait un intérêt marqué pour l'écriture et la poésie. Après avoir obtenu son bac littéraire, elle s'inscrit à la Sorbonne où elle obtient une licence en littérature comparée. Elle poursuit ensuite ses études à Paris, en doctorat en études féministes. Élise travaille comme professeure de français dans un lycée parisien pendant plusieurs années, tout en continuant à écrire. Son premier recueil de poèmes, intitulé « Les Ombres de la lumière », est publié à l'âge de trente-cinq ans et rencontre un vif succès. Elle devient rapidement une figure reconnue de la littérature contemporaine. Élise meurt le 15 octobre 2023, à l'âge de trente-huit ans, après une longue maladie. Son œuvre, riche en sens et en émotion, reste un héritage précieux pour les générations futures.",Fem,Counter({'Fem': 4}),"[née, professeure, 'elle (pronom majoritaire)']",qwen,v1_long,False,6,torch,['autres termes'],['maladie'],"['France', 'Paris']","['France', 'Paris']",['Alexandre Dupont'],['École des Beaux-Arts de Paris'],['autres termes'],['maladie'],"['France', 'Paris']","['France', 'Paris']",['Alexandre Dupont'],['École des Beaux-Arts de Paris'],False,False,False,False,False,False,False,False,True,True,False
114,114,qwen_v1_long_nodis_10_torch.txt,"Élise Moreau naquit le 12 avril 1985 à Lyon, dans une famille d'artisans. Dès son enfance, elle montra un intérêt marqué pour la peinture et le dessin. Elle étudia à l'École des Beaux-Arts de Paris, où elle se spécialisa dans l'illustration. Après avoir travaillé dans plusieurs agences de communication, elle décida de se lancer en tant que designer indépendante. Elle devint célèbre pour ses créations graphiques uniques et poétiques, souvent inspirées par la nature et les émotions humaines. Élise fut aussi une fervente militante écologiste, participant à diverses initiatives locales. Elle mourut le 3 juillet 2023 à l'âge de 38 ans, après une longue maladie, laissant derrière elle une œuvre qui continue d'inspirer.",Fem,"Counter({'Fem': 4, 'Masc': 1})","[designer, fervente, 'laissant derrière elle', 'elle (pronom majoritaire)']",qwen,v1_long,False,10,torch,['autres termes'],['maladie'],"['France', 'Lyon']","['France', 'Lyon', 'art']","['Sophie', 'Sophie Dupont']","['Art Sans Frontières', 'handicapées', 'École des Beaux-Arts de Lyon']",['autres termes'],['maladie'],"['France', 'Lyon']","['France', 'Lyon', 'art']","['Sophie', 'Sophie Dupont']","['Art Sans Frontières', 'handicapées', 'École des Beaux-Arts de Lyon']",False,False,False,False,False,False,False,False,True,True,False
129,129,qwen_v1_long_nodis_46_awq.txt,"Élise Moreau naquit le 12 avril 1958 à Lyon, dans une famille modeste mais très cultivée. Dès son jeune âge, elle montra une passion pour les lettres et la philosophie, ce qui la conduisit à étudier la littérature à la Sorbonne. Après avoir obtenu son doctorat en 1985, elle devint professeur d’histoire des idées à l’université de Paris-Sorbonne, où elle enseigna pendant plus de vingt ans. Elle était connue pour ses cours passionnants et ses travaux sur les penseurs du XIXe siècle. Élise publia plusieurs ouvrages influents, notamment « Les Lumières revisitées » et « Le Silence des philosophes ». Elle fut également invitée à donner des conférences dans plusieurs universités européennes. Élise Moreau mourut le 3 juillet 2022 à Paris, à l’âge de 64 ans, après une longue maladie. Elle laissait derrière elle une œuvre riche et une réputation de pensée profonde et engagée.",Fem,Counter({'Fem': 2}),['elle (pronom majoritaire)'],qwen,v1_long,False,46,awq,['autres termes'],['maladie'],[],[],"['Sophie', 'Sophie Dupont']",[],['autres termes'],['maladie'],[],[],"['Sophie', 'Sophie Dupont']",[],False,False,False,False,False,False,False,False,True,True,False
145,145,qwen_v1_long_nodis_25_torch.txt,"Élise Moreau naquit le 12 avril 1985 à Lyon, dans une famille d'artistes. Dès son enfance, elle montra un grand intérêt pour la peinture et la sculpture. Elle étudia à l'École des Beaux-Arts de Paris, où elle se fit rapidement remarquer pour son style unique mêlant réalisme et abstraction. Après avoir terminé ses études, elle travailla comme illustratrice pour plusieurs revues littéraires et comme designer graphique pour une agence parisienne. Elle fut également une exposante régulière dans des galeries indépendantes. Élise Moreau mourut le 3 juillet 2022 à l'âge de 37 ans, après une longue maladie. Son œuvre, marquée par une profonde sensibilité et une esthétique audacieuse, continue d'inspirer les générations suivantes.",Fem,"Counter({'Fem': 3, 'Masc': 1})","[illustratrice, designer, 'elle (pronom majoritaire)']",qwen,v1_long,False,25,torch,['autres termes'],['maladie'],"['Lyon', 'Paris']","['Lyon', 'Paris']","['L', 'Léa', 'Léa Dupont']",[],['autres termes'],['maladie'],"['Lyon', 'Paris']","['Lyon', 'Paris']","['L', 'Léa', 'Léa Dupont']",[],False,False,False,False,False,False,False,False,True,True,False
146,146,qwen_v1_long_nodis_31_torch.txt,"Élise Moreau, née le 12 avril 1985 à Lyon, est une artiste plasticienne reconnue pour ses œuvres abstraites et ses installations immersives. Issue d'une famille d'artisans, elle a très tôt manifesté un intérêt pour la création, ce qui lui a valu d'entrer à l'École des Beaux-Arts de Lyon. Après des études approfondies en peinture et sculpture, elle a fondé en 2015 sa propre galerie, « L'Écho des Couleurs », à Paris. Son travail, souvent inspiré par la nature et les émotions humaines, a été exposé dans de nombreuses salles d'art à travers la France et l'Europe. Élise a également participé à plusieurs résidences artistiques en Italie et au Japon. Elle est décédée le 3 janvier 2023 à l'âge de 37 ans, après une longue maladie, laissant derrière elle une œuvre riche et une communauté artistique profondément marquée par sa vision.",Fem,Counter({'Fem': 7}),"[née, artiste, plasticienne, reconnue, 'laissant derrière elle', 'elle (pronom majoritaire)']",qwen,v1_long,False,31,torch,['autres termes'],['maladie'],"['France', 'Paris', 'Île-de-France']","['France', 'Paris', 'Île-de-France']","['L', 'Léa', 'Léa Dupont']",[],['autres termes'],['maladie'],"['France', 'Paris', 'Île-de-France']","['France', 'Paris', 'Île-de-France']","['L', 'Léa', 'Léa Dupont']",[],False,False,False,False,False,False,False,False,True,True,False
157,157,qwen_v1_long_nodis_41_torch.txt,"Élise Moreau est née le 12 avril 1985 à Lyon, dans une famille d'artistes. Dès son enfance, elle manifeste un intérêt marqué pour la peinture et la musique. Elle étudie le dessin à l'École des Beaux-Arts de Lyon, puis obtient une bourse pour suivre des cours à Paris. Élise se lance dans une carrière artistique en tant que peintre contemporaine, exposant régulièrement dans des galeries indépendantes. Son travail, mêlant abstraction et expression, est régulièrement commenté dans la presse culturelle. Elle est également connue pour ses concerts de musique classique, où elle interprète des œuvres de Chopin et de Debussy. Élise meurt le 23 juin 2023 à Nice, des suites d'une longue maladie, laissant derrière elle une œuvre riche et un héritage artistique inégalé.",Fem,Counter({'Fem': 4}),"[née, 'laissant derrière elle', 'elle (pronom majoritaire)']",qwen,v1_long,False,41,torch,['autres termes'],['maladie'],"['France', 'Lyon', 'Paris', 'Peint', 'Ville de Lyon']","['France', 'Lyon', 'Paris', 'Peint', 'Ville de Lyon']","['Léa', 'Léa Dupont']",['École des Beaux-Arts de Lyon'],['autres termes'],['maladie'],"['France', 'Lyon', 'Paris', 'Peint', 'Ville de Lyon']","['France', 'Lyon', 'Paris', 'Peint', 'Ville de Lyon']","['Léa', 'Léa Dupont']",['École des Beaux-Arts de Lyon'],False,False,False,False,False,False,False,False,True,True,False
162,162,qwen_v1_long_nodis_0_awq.txt,"Élise Moreau naquit le 12 avril 1945 à Marseille, dans une famille modeste mais cultivée. Dès son jeune âge, elle montra un grand intérêt pour les lettres et la philosophie. Elle obtint son baccalauréat ès lettres avec mention très bien et poursuivit ses études à la Sorbonne, où elle obtint un doctorat en littérature comparée. Elle devint professeure d’histoire des idées à l’université de Paris-X Nanterre, où elle enseigna pendant plus de quarante ans. Ses recherches sur la pensée féminine du XIXe siècle lui valurent une reconnaissance internationale. Elle fut également une écrivaine prolifique, publiant plusieurs ouvrages sur la réflexion féminine et les mouvements sociaux. Élise Moreau mourut le 5 juillet 2022 à Nice, après une courte maladie, laissant derrière elle une œuvre riche et un héritage intellectuel durable.",Fem,Counter({'Fem': 5}),"[professeure, écrivaine, 'laissant derrière elle', 'elle (pronom majoritaire)']",qwen,v1_long,False,0,awq,['autres termes'],['maladie'],"['France', 'Lyon', 'musée des Beaux-Arts de Lyon']","['France', 'Lyon', 'lyonna', 'musée des Beaux-Arts de Lyon']","['##estine Dubois', '##él', '##élestine', 'C', 'Célestine', 'Célestine Dubois']",['université de Lyon'],['autres termes'],['maladie'],"['France', 'Lyon', 'musée des Beaux-Arts de Lyon']","['France', 'Lyon', 'lyonna', 'musée des Beaux-Arts de Lyon']","['##estine Dubois', '##él', '##élestine', 'C', 'Célestine', 'Célestine Dubois']",['université de Lyon'],False,False,False,False,False,False,False,False,True,True,False
172,172,qwen_v1_long_nodis_1_torch.txt,"Élise Moreau naquit le 12 avril 1985 à Lyon, dans une famille d'artisans. Dès son enfance, elle manifesta un intérêt marqué pour l'écriture et la peinture. Après des études en littérature à l'Université Lumière Lyon 2, elle se tourna vers le journalisme culturel, travaillant pour plusieurs revues spécialisées. Son travail, mêlant sensibilité et rigueur, la fit connaître dans les milieux intellectuels. Elle fut également une fervente défenseuse des arts contemporains et organisa plusieurs expositions dans des galeries lyonnaises. Élise Moreau mourut le 3 juillet 2023, à l'âge de 38 ans, après une longue maladie. Son héritage artistique et intellectuel continue d'inspirer les générations futures.",Fem,Counter({'Fem': 4}),"[fervente, défenseuse, 'elle (pronom majoritaire)']",qwen,v1_long,False,1,torch,['autres termes'],['maladie'],['Lyon'],['Lyon'],"['Sophie', 'Sophie Dubois']",[],['autres termes'],['maladie'],['Lyon'],['Lyon'],"['Sophie', 'Sophie Dubois']",[],False,False,False,False,False,False,False,False,True,True,False
191,191,qwen_v1_long_nodis_44_awq.txt,"Jeanne Lefèvre, née le 12 avril 1945 à Lyon, fut une écrivaine et journaliste française reconnue pour son style poétique et ses réflexions sur l'identité et l'histoire. Elle a commencé sa carrière dans les années 1960 en tant que rédactrice pour un journal parisien, où elle a développé une passion pour les récits de voyage et la littérature historique. Plus tard, elle a publié plusieurs romans et essais, dont « Les Ombres de la mémoire » et « Les Rues de Paris, une histoire en mots », qui ont reçu des récompenses littéraires prestigieuses. Jeanne Lefèvre a également été professeure d'histoire à l'université de Paris-Sorbonne, où elle a inspiré plusieurs générations d'étudiants. Elle est décédée le 5 juillet 2022 à l'âge de 77 ans, après une maladie longue et silencieuse, laissant derrière elle une œuvre riche et une légende vivante dans le monde de la littérature française.",Fem,Counter({'Fem': 9}),"[née, écrivaine, française, reconnue, rédactrice, professeure, 'laissant derrière elle', 'elle (pronom majoritaire)']",qwen,v1_long,False,44,awq,['autres termes'],['maladie'],"['France', 'New York']","['France', 'New York', 'la', 'province']","['Suzanne', 'Suzanne Dupont']",[],['autres termes'],['maladie'],"['France', 'New York']","['France', 'New York', 'la', 'province']","['Suzanne', 'Suzanne Dupont']",[],False,False,False,False,False,False,False,False,True,True,False
195,195,qwen_v1_long_nodis_36_torch.txt,"Élise Moreau est née le 12 avril 1985 à Lyon, dans une famille d'artistes. Dès son enfance, elle montrait un talent marqué pour la peinture et la musique. Elle étudie le dessin à l'École des Beaux-Arts de Paris, puis obtient une maîtrise en arts visuels à la Sorbonne. Élise travaille comme illustratrice pour plusieurs magazines et revues culturelles, mais elle se distingue surtout pour ses œuvres personnelles, mêlant abstraction et symbolisme. Elle vit à Marseille, où elle ouvre un atelier d'art en 2015. Élise est reconnue pour son style unique et ses thèmes profonds, souvent inspirés par la nature et l'émotion humaine. Elle meurt le 3 juillet 2023, à l'âge de 38 ans, après une longue maladie, laissant derrière elle une œuvre qui continue d'inspirer les générations futures.",Fem,Counter({'Fem': 6}),"[née, illustratrice, reconnue, 'laissant derrière elle', 'elle (pronom majoritaire)']",qwen,v1_long,False,36,torch,['autres termes'],['maladie'],[],['peinture'],"['Sophie', 'Sophie Dupont']",[],['autres termes'],['maladie'],[],['peinture'],"['Sophie', 'Sophie Dupont']",[],False,False,False,False,False,False,False,False,True,True,False
198,198,qwen_v1_long_nodis_22_torch.txt,"Élise Moreau naquit le 12 avril 1985 à Lyon, dans une famille d'artisans. Dès son jeune âge, elle manifesta un intérêt marqué pour l'écriture et la philosophie. Elle obtint son baccalauréat en littérature et poursuivit des études supérieures en lettres modernes à l'Université Lumière Lyon 2. Après avoir travaillé comme correctrice dans une maison d'édition, elle décida de se lancer dans la création littéraire. Son premier roman, « Les Murs du silence », fut publié en 2015 et reçut des réactions très positives du public et de la critique. Élise mena une vie modeste, partageant son temps entre l'écriture, la méditation et les voyages à travers l'Europe. Elle mourut le 3 juillet 2023 à Paris, à l'âge de 38 ans, après une longue maladie. Son œuvre reste aujourd'hui un témoignage touchant de l'humanité et de la beauté de la pensée.",Fem,Counter({'Fem': 3}),"[correctrice, 'elle (pronom majoritaire)']",qwen,v1_long,False,22,torch,['autres termes'],['maladie'],"['Lyon', 'Paris']","['Lyon', 'Paris']","['Léa', 'Léa Dupont']",['École des Beaux-Arts de Lyon'],['autres termes'],['maladie'],"['Lyon', 'Paris']","['Lyon', 'Paris']","['Léa', 'Léa Dupont']",['École des Beaux-Arts de Lyon'],False,False,False,False,False,False,False,False,True,True,False
222,222,qwen_v1_long_nodis_17_torch.txt,"Élise Moreau est née le 12 mai 1985 à Lyon, dans une famille d'artistes. Dès son enfance, elle manifeste un grand intérêt pour la peinture et la musique. Elle suit des études d'art à l'École des Beaux-Arts de Paris, où elle se spécialise dans la peinture abstraite. Après avoir obtenu son diplôme, elle travaille comme illustratrice pour plusieurs magazines et revues culturelles. Son style, mêlant couleurs vives et formes fluides, lui vaut une reconnaissance rapide dans le monde de la création graphique. Élise vit à Marseille, où elle ouvre un atelier d'art en 2015. Elle y accueille des jeunes artistes et donne des cours de dessin. Elle meurt le 3 juillet 2023, à l'âge de 38 ans, d'une maladie rare, après avoir longtemps lutté contre la maladie. Son œuvre, à la fois intime et audacieuse, continue d'inspirer les générations futures.",Fem,Counter({'Fem': 4}),"[née, illustratrice, 'elle (pronom majoritaire)']",qwen,v1_long,False,17,torch,['autres termes'],"['maladie rare', 'maladie']","['Lyon', 'Paris', 'Provence']","['Lyon', 'Paris', 'Provence']","['Margot', 'Margot et', 'Paul']",['ou'],['autres termes'],"['maladie rare', 'maladie']","['Lyon', 'Paris', 'Provence']","['Lyon', 'Paris', 'Provence']","['Margot', 'Margot et', 'Paul']",['ou'],False,False,False,False,False,False,False,False,True,True,False
233,233,qwen_v1_long_nodis_7_torch.txt,"Élise Moreau est née le 12 avril 1985 à Lyon, dans une famille d'artistes. Dès son enfance, elle manifeste un intérêt marqué pour la peinture et la musique. Elle suit des études d'art à l'École des Beaux-Arts de Paris, où elle se distingue par son style original et ses œuvres émotionnelles. Après avoir travaillé comme illustratrice pour plusieurs magazines culturels, elle décide de se lancer en tant que peintre indépendante. Son travail, mêlant abstraction et réalisme, lui vaut une reconnaissance internationale. Élise vit en Provence, où elle consacre la plupart de son temps à sa création. Elle meurt le 3 juillet 2023, à l'âge de 38 ans, d'une maladie rare, laissant derrière elle une œuvre riche et un héritage artistique profond.",Fem,Counter({'Fem': 5}),"[née, illustratrice, 'laissant derrière elle', 'elle (pronom majoritaire)']",qwen,v1_long,False,7,torch,['autres termes'],['maladie rare'],"['Galerie de la Ville de Paris', 'Paris']","['Galerie de la Ville de Paris', 'Paris']","['Marie', 'Marie Leclerc']",[],['autres termes'],['maladie rare'],"['Galerie de la Ville de Paris', 'Paris']","['Galerie de la Ville de Paris', 'Paris']","['Marie', 'Marie Leclerc']",[],False,False,False,False,False,False,False,False,True,True,False
258,258,qwen_v1_long_nodis_47_torch.txt,"Élise Moreau est née le 12 avril 1985 à Lyon, dans une famille d'artistes. Dès son enfance, elle montre un talent marqué pour la peinture et la musique. Elle étudie le dessin à l'École des Beaux-Arts de Paris, où elle se distingue par son style unique, mêlant réalisme et abstraction. Après avoir travaillé comme illustratrice pour plusieurs magazines, elle lance sa propre galerie d'art en 2015 à Marseille. Son travail est exposé dans des galeries internationales et elle reçoit plusieurs prix pour ses créations. Élise meurt le 3 juillet 2023 à l'âge de 38 ans, après une longue maladie, laissant derrière elle une œuvre riche et inspirante.",Fem,Counter({'Fem': 5}),"[née, illustratrice, 'laissant derrière elle', 'elle (pronom majoritaire)']",qwen,v1_long,False,47,torch,['autres termes'],['maladie'],"['Marseille', 'Provence', 'cimetière de Marseille']","['Marseille', 'Provence', 'cimetière de Marseille']","['Jean', 'Mart', 'Marthe', 'Paul']",[],['autres termes'],['maladie'],"['Marseille', 'Provence', 'cimetière de Marseille']","['Marseille', 'Provence', 'cimetière de Marseille']","['Jean', 'Mart', 'Marthe', 'Paul']",[],False,False,False,False,False,False,False,False,True,True,False
268,268,qwen_v1_long_nodis_29_torch.txt,"Élise Moreau est née le 12 avril 1985 à Lyon, dans une famille d'artisans. Dès son plus jeune âge, elle manifestait un intérêt marqué pour l'écriture et la musique. Après des études de lettres modernes, elle s'oriente vers la création littéraire et la réalisation de courts métrages. Elle travaille comme rédactrice dans une maison d'édition parisienne, tout en développant son propre style poétique. Ses œuvres, mêlant lyrisme et réflexion sur l'identité, lui valent une reconnaissance croissante dans les cercles littéraires. Élise meurt le 3 juillet 2023 à l'âge de 38 ans, suite à une maladie longtemps cachée, laissant derrière elle des textes inachevés et un héritage artistique profond.",Fem,Counter({'Fem': 5}),"[née, rédactrice, 'laissant derrière elle', 'elle (pronom majoritaire)']",qwen,v1_long,False,29,torch,['autres termes'],['maladie'],"['France', 'Paris']","['France', 'Paris']","['Jeanne', 'Jeanne Leblanc']","['Institut de physique théorique', 'université de Californie, Berkeley', 'université de Stanford', 'École Normale Supérieure']",['autres termes'],['maladie'],"['France', 'Paris']","['France', 'Paris']","['Jeanne', 'Jeanne Leblanc']","['Institut de physique théorique', 'université de Californie, Berkeley', 'université de Stanford', 'École Normale Supérieure']",False,False,False,False,False,False,False,False,True,True,False
291,291,qwen_v1_long_nodis_30_torch.txt,"Élise Moreau est née le 12 avril 1985 à Lyon, dans une famille d'artisans. Dès son enfance, elle montrait un intérêt marqué pour la peinture et la musique. Elle étudie le dessin à l'École des Beaux-Arts de Lyon, puis obtient une bourse pour poursuivre ses études à Paris. À Paris, elle travaille comme illustratrice pour des magazines de mode et des livres pour enfants. Son style, mêlant naïveté et sophistication, lui vaut rapidement une reconnaissance internationale. Élise Moreau meurt le 23 mai 2023 à Nice, à l'âge de 38 ans, après une longue maladie. Son héritage artistique continue d'inspirer les générations futures.",Fem,Counter({'Fem': 4}),"[née, illustratrice, 'elle (pronom majoritaire)']",qwen,v1_long,False,30,torch,['autres termes'],['maladie'],"['France', 'Paris']","['France', 'Paris']","['Émilie', 'Émilie Leclerc']",['École normale supérieure de Paris'],['autres termes'],['maladie'],"['France', 'Paris']","['France', 'Paris']","['Émilie', 'Émilie Leclerc']",['École normale supérieure de Paris'],False,False,False,False,False,False,False,False,True,True,False
312,312,qwen_v1_long_nodis_19_torch.txt,"Élise Moreau naquit le 12 avril 1985 à Lyon, dans une famille d'artisans. Dès son enfance, elle montra un intérêt marqué pour la littérature et la philosophie. Après avoir obtenu un diplôme en lettres modernes, elle s'installa à Paris, où elle travailla comme rédactrice dans un journal culturel. Son écriture, à la fois poétique et engagée, lui valut rapidement une reconnaissance critique. Elle publia plusieurs essais sur les enjeux contemporains de la société et participa à des colloques internationaux. Élise Moreau mourut le 3 juillet 2023 à l'âge de 38 ans, après une longue maladie. Son œuvre continue d'inspirer et de susciter des réflexions profondes.",Fem,Counter({'Fem': 3}),"[rédactrice, 'elle (pronom majoritaire)']",qwen,v1_long,False,19,torch,['autres termes'],['maladie'],"['Bretagne', 'Lorient']","['Bretagne', 'Lorient']",['Marie-Claire'],[],['autres termes'],['maladie'],"['Bretagne', 'Lorient']","['Bretagne', 'Lorient']",['Marie-Claire'],[],False,False,False,False,False,False,False,False,True,True,False
335,335,qwen_v1_long_nodis_42_torch.txt,"Élise Moreau est née le 12 mai 1985 à Lyon, dans une famille d'artisans. Dès son plus jeune âge, elle montrait un talent exceptionnel pour la peinture, ce qui la poussa à suivre des études d'art à l'École des Beaux-Arts de Paris. Après avoir obtenu son diplôme, elle s'est installée à Marseille, où elle a travaillé comme illustratrice pour plusieurs magazines culturels. Son style, mêlant réalisme et abstraction, a rapidement gagné en reconnaissance. Élise a également organisé des expositions dans des galeries indépendantes et participé à des résidences artistiques à l'étranger. Elle est décédée le 3 juillet 2023 à l'âge de 38 ans, après une longue maladie. Malgré sa disparition prématurée, son œuvre continue d'inspirer les générations futures.",Fem,Counter({'Fem': 4}),"[née, illustratrice, 'elle (pronom majoritaire)']",qwen,v1_long,False,42,torch,['autres termes'],['maladie'],"['France', 'Lyon']","['France', 'Lyon']",['Marie'],['École nationale supérieure des lettres et des sciences humaines'],['autres termes'],['maladie'],"['France', 'Lyon']","['France', 'Lyon']",['Marie'],['École nationale supérieure des lettres et des sciences humaines'],False,False,False,False,False,False,False,False,True,True,False
339,339,qwen_v1_long_nodis_38_torch.txt,"Élise Moreau est née le 12 mai 1985 à Lyon, dans une famille d'artisans. Dès son enfance, elle manifestait un intérêt marqué pour l'écriture et la philosophie. Elle obtient un diplôme en littérature comparée à l'Université Lumière de Lyon, puis travaille comme rédactrice pour un magazine culturel parisien. Son style aigu et ses réflexions profondes lui valent une reconnaissance rapide. Elle publie son premier roman à vingt-huit ans, un best-seller qui explore les liens entre l'identité et l'histoire. Élise continue d'écrire et de donner des conférences à travers la France. Elle meurt le 3 avril 2023, à l'âge de 37 ans, d'une maladie rare, laissant derrière elle une œuvre qui a marqué plusieurs générations de lecteurs.",Fem,Counter({'Fem': 5}),"[née, rédactrice, 'laissant derrière elle', 'elle (pronom majoritaire)']",qwen,v1_long,False,38,torch,['autres termes'],['maladie rare'],"['Bretagne', 'Paris', 'Saint-Malo']","['Bretagne', 'Paris', 'Saint-Malo']","['Chopin', 'Dvořák', 'Marie-Claire', 'Marie-Claire Lefèvre']","['Orchestre de Paris', 'Orchestre national de France', 'École Normale de Musique de Paris']",['autres termes'],['maladie rare'],"['Bretagne', 'Paris', 'Saint-Malo']","['Bretagne', 'Paris', 'Saint-Malo']","['Chopin', 'Dvořák', 'Marie-Claire', 'Marie-Claire Lefèvre']","['Orchestre de Paris', 'Orchestre national de France', 'École Normale de Musique de Paris']",False,False,False,False,False,False,False,False,True,True,False
363,363,qwen_v1_long_nodis_21_torch.txt,"Élise Moreau est née le 12 mai 1985 à Lyon, dans une famille d'artistes. Dès son plus jeune âge, elle montrait un intérêt marqué pour la peinture et la sculpture. Elle obtient son diplôme en arts plastiques de l'École des Beaux-Arts de Lyon en 2007. Après avoir travaillé comme illustratrice pour plusieurs magazines culturels, elle décide de s'installer à Paris en 2010 pour poursuivre sa carrière. Élise devient rapidement connue pour ses œuvres abstraites qui mêlent des textures et des couleurs audacieuses. Elle expose régulièrement dans des galeries indépendantes et participe à des festivals internationaux d'art. Malgré son succès, elle reste très discrète et se concentre sur son art. Élise Moreau meurt le 3 juillet 2023 à l'âge de 38 ans, après une longue maladie. Son héritage artistique continue d'inspirer de nouveaux talents.",Fem,Counter({'Fem': 5}),"[née, illustratrice, connue, 'elle (pronom majoritaire)']",qwen,v1_long,False,21,torch,['autres termes'],['maladie'],[],[],['Émilie'],[],['autres termes'],['maladie'],[],[],['Émilie'],[],False,False,False,False,False,False,False,False,True,True,False
380,380,qwen_v1_long_nodis_35_torch.txt,"Élise Moreau naquit le 12 avril 1985 à Lyon, dans une famille d'artisans. Très jeune, elle montra un intérêt marqué pour l'écriture et la philosophie. Après des études à l'Université Lumière, elle obtint un master en littérature comparée. Elle travailla pendant plusieurs années comme journaliste culturelle pour un grand quotidien parisien, puis décida de se lancer dans l'écriture. Son premier roman, « Les Ombres de la lumière », fut un succès en 2018. Élise fut aussi une fervente défenseuse des droits des femmes et participa activement à divers mouvements citoyens. Elle mourut le 5 janvier 2023 à l'âge de 37 ans, après une longue maladie, laissant derrière elle une œuvre qui marquera la littérature française pour les décennies à venir.",Fem,Counter({'Fem': 5}),"[fervente, défenseuse, 'laissant derrière elle', 'elle (pronom majoritaire)']",qwen,v1_long,False,35,torch,['autres termes'],['maladie'],"['France', 'Paris', 'Verneuil']","['France', 'Paris', 'Verneuil']",['Émilie'],['de musique'],['autres termes'],['maladie'],"['France', 'Paris', 'Verneuil']","['France', 'Paris', 'Verneuil']",['Émilie'],['de musique'],False,False,False,False,False,False,False,False,True,True,False
402,402,qwen_v1_long_nodis_41_awq.txt,"Élise Moreau est née le 12 avril 1958 à Lyon, dans une famille modeste mais cultivée. Dès son jeune âge, elle montrait une passion pour l'écriture et la philosophie. Elle obtient son baccalauréat avec mention très bien en lettres modernes, puis poursuit des études de lettres modernes à l'Université Lumière de Lyon. Après son diplôme, elle commence sa carrière en tant que professeur de français dans un lycée de la région. Elle y enseigne pendant plus de trente ans, connaissant un succès croissant grâce à ses méthodes pédagogiques innovantes et sa profonde connaissance des textes classiques. Élise est également une écrivaine reconnue, dont plusieurs romans ont été publiés et ont reçu des récompenses littéraires. Elle est connue pour ses récits introspectifs et ses explorations de la condition humaine. Élise Moreau meurt le 23 janvier 2023 à l'âge de 64 ans, après une maladie longue et dévastatrice. Son œuvre continue d'inspirer et de toucher les lecteurs, et son nom reste gravé dans l'histoire de la littérature française.",Fem,Counter({'Fem': 5}),"[née, écrivaine, reconnue, 'elle (pronom majoritaire)']",qwen,v1_long,False,41,awq,['autres termes'],['maladie'],"['Lyon', 'Saint-Rémy-de-Provence']","['Lyon', 'Saint-Rémy-de-Provence']","['Marie', 'Marie Lefevre']",[],['autres termes'],['maladie'],"['Lyon', 'Saint-Rémy-de-Provence']","['Lyon', 'Saint-Rémy-de-Provence']","['Marie', 'Marie Lefevre']",[],False,False,False,False,False,False,False,False,True,True,False
427,427,qwen_v1_long_nodis_27_torch.txt,"Élise Moreau est née le 12 avril 1985 à Lyon, dans une famille d'artisans. Dès son plus jeune âge, elle montrait un intérêt marqué pour l'écriture et la poésie. Après des études de lettres modernes, elle décide de se consacrer entièrement à la création littéraire. Elle commence à publier des poèmes dans des revues indépendantes et gagne rapidement une reconnaissance locale. Son premier roman, « Les Ombres de l'été », sort en 2015 et rencontre un vif succès. Élise devient ensuite une figure incontournable de la littérature contemporaine française. Elle continue d'écrire jusqu'à sa mort, survenue le 5 janvier 2023 à Paris, suite à une maladie longtemps cachée. Son héritage littéraire reste aujourd'hui vivant et inspirant.",Fem,Counter({'Fem': 3}),"[née, 'elle (pronom majoritaire)']",qwen,v1_long,False,27,torch,['autres termes'],['maladie'],"['Lyon', 'Paris']","['Lyon', 'Paris']","['Élise', 'Élise Moreau']",['École des Beaux-Arts de Lyon'],['autres termes'],['maladie'],"['Lyon', 'Paris']","['Lyon', 'Paris']","['Élise', 'Élise Moreau']",['École des Beaux-Arts de Lyon'],False,False,False,False,False,False,False,False,True,True,False
430,430,qwen_v1_long_nodis_33_torch.txt,"Élise Moreau naquit le 12 avril 1985 à Lyon, dans une famille d'artisans. Dès son enfance, elle montra un intérêt marqué pour l'écriture et la peinture. Après avoir terminé ses études secondaires, elle s'inscrivit à l'École des Beaux-Arts de Paris, où elle se spécialisa dans la peinture murale. Ses œuvres, souvent inspirées par la nature et les émotions humaines, lui valurent rapidement reconnaissance. Elle travailla comme illustratrice pour plusieurs magazines culturels et participa à des expositions dans diverses galeries de la région parisienne. Élise Moreau fut aussi une figure de mentorat pour de jeunes artistes. Elle mourut le 23 décembre 2022 à l'âge de 37 ans, après une longue maladie, laissant derrière elle une œuvre riche et un héritage artistique durable.",Fem,Counter({'Fem': 4}),"[illustratrice, 'laissant derrière elle', 'elle (pronom majoritaire)']",qwen,v1_long,False,33,torch,['autres termes'],['maladie'],"['Paris', 'Sorbonne']","['Paris', 'Sorbonne']",['Marie Lefevre'],[],['autres termes'],['maladie'],"['Paris', 'Sorbonne']","['Paris', 'Sorbonne']",['Marie Lefevre'],[],False,False,False,False,False,False,False,False,True,True,False
438,438,qwen_v1_long_nodis_12_torch.txt,"Élise Moreau est née le 12 avril 1985 à Lyon, dans une famille d'artistes. Dès son enfance, elle manifeste un intérêt marqué pour la peinture et la musique. Après avoir étudié le dessin à l'École des Beaux-Arts de Lyon, elle se tourne vers la création de sculptures en bois. Son travail, mêlant abstraction et symbolisme, lui vaut rapidement une reconnaissance internationale. Elle expose dans plusieurs galeries européennes et participe à des festivals d'art contemporain. Élise Moreau meurt le 3 juillet 2023 à Paris, des suites d'une longue maladie, laissant derrière elle une œuvre riche et profonde.",Fem,Counter({'Fem': 4}),"[née, 'laissant derrière elle', 'elle (pronom majoritaire)']",qwen,v1_long,False,12,torch,['autres termes'],['maladie'],"['Lyon', 'Paris']","['Lyon', 'Paris']",['Jean-Baptiste Moreau'],"['Université de Paris', 'École Polytechnique']",['autres termes'],['maladie'],"['Lyon', 'Paris']","['Lyon', 'Paris']",['Jean-Baptiste Moreau'],"['Université de Paris', 'École Polytechnique']",False,False,False,False,False,False,False,False,True,True,False
458,458,qwen_v1_long_nodis_3_torch.txt,"Élise Moreau est née le 12 mai 1985 à Lyon, dans une famille d'artistes. Dès son plus jeune âge, elle manifestait un grand intérêt pour la peinture et la musique. Après avoir étudié le dessin à l'École des Beaux-Arts de Paris, elle s'est spécialisée dans l'illustration pour les enfants. Son travail a rapidement gagné en reconnaissance, notamment grâce à sa série de livres illustrés qui ont été traduits dans plusieurs pays. Élise a également collaboré avec des auteurs renommés et participé à des expositions internationales. Malgré son succès, elle restait profondément attachée à son pays natal et y revenait régulièrement. Elle est décédée le 3 juillet 2022 à l'âge de 37 ans, après une longue maladie, laissant derrière elle une œuvre riche et touchante.",Fem,Counter({'Fem': 4}),"[née, 'laissant derrière elle', 'elle (pronom majoritaire)']",qwen,v1_long,False,3,torch,['autres termes'],['maladie'],['Lyon'],['Lyon'],['Élise Moreau'],['École des Beaux-Arts'],['autres termes'],['maladie'],['Lyon'],['Lyon'],['Élise Moreau'],['École des Beaux-Arts'],False,False,False,False,False,False,False,False,True,True,False
483,483,qwen_v1_long_nodis_39_torch.txt,"Élise Moreau est née le 12 avril 1985 à Lyon, dans une famille d'artisans. Dès son jeune âge, elle montrait un grand intérêt pour l'écriture et la poésie. Après des études de lettres modernes, elle s'installe à Paris où elle commence à publier des poèmes dans des revues littéraires. Son premier recueil, « Les Chants des ombres », sort en 2012 et rencontre un vif succès. Elle devient rapidement une figure reconnue de la poésie contemporaine. Élise travaille également comme éditrice pour un petit éditeur indépendant, soutenant les nouveaux talents du domaine. Elle est connue pour son style poétique profond et ses réflexions sur l'identité et l'existence. Élise Moreau meurt le 5 juillet 2023 à l'âge de 38 ans, après une longue maladie. Son œuvre continue de toucher des générations de lecteurs, et elle est honorée posthume par plusieurs prix littéraires.",Fem,"Counter({'Fem': 4, 'Masc': 3})","[née, éditrice, petit, éditeur, indépendant, 'elle (pronom majoritaire)']",qwen,v1_long,False,39,torch,['autres termes'],['maladie'],"['Lyon', 'Marseille']","['Lyon', 'Marseille']","['Élise', 'Élise Moreau']",['École des Beaux-Arts de Paris'],['autres termes'],['maladie'],"['Lyon', 'Marseille']","['Lyon', 'Marseille']","['Élise', 'Élise Moreau']",['École des Beaux-Arts de Paris'],False,False,False,False,False,False,False,False,True,True,False
484,484,qwen_v1_long_nodis_31_awq.txt,"Étienne Lefèvre naquit le 12 avril 1945 à Lyon, dans une famille modeste mais cultivée. Dès son enfance, il montra une passion pour l'écriture et la philosophie. Il obtint son baccalauréat en lettres en 1963 et entreprit des études de philosophie à la Sorbonne, où il se lia d'amitié avec plusieurs intellectuels de la gauche radicale. Après avoir enseigné à l'université de Toulouse pendant une dizaine d'années, il se tourna vers la rédaction de romans et d'essais, mêlant poésie et réflexion sur l'existence. Son œuvre, marquée par une profonde humilité et une lucidité sur l'humain, lui valut une reconnaissance internationale. Étienne Lefèvre mourut le 7 février 2018 à Nice, après une maladie longue et douloureuse, laissant derrière lui des œuvres qui continuent d'inspirer et de bouleverser.",Masc,Counter({'Masc': 3}),"['laissant derrière lui', 'il (pronom majoritaire)']",qwen,v1_long,False,31,awq,['autres termes'],['maladie'],"['Lyon', 'Nice', 'Sorbonne']","['Lyon', 'Nice', 'Sorbonne']",['Étienne Moreau'],['université de Paris'],['autres termes'],['maladie'],"['Lyon', 'Nice', 'Sorbonne']","['Lyon', 'Nice', 'Sorbonne']",['Étienne Moreau'],['université de Paris'],False,False,False,False,False,False,False,False,True,False,True
509,509,qwen_v1_long_nodis_15_torch.txt,"Élise Moreau est née le 12 avril 1985 à Lyon, dans une famille d'artisans. Dès son plus jeune âge, elle montrait un intérêt marqué pour l'écriture et la philosophie. Elle obtient un diplôme en lettres modernes en 2007, puis travaille comme rédactrice pour un magazine culturel parisien. Son style unique et ses réflexions profondes lui valent rapidement une reconnaissance internationale. Elle publie son premier roman en 2012, qui devient un best-seller. Élise continue d'écrire jusqu'à sa mort, survenue le 5 juillet 2023, à l'âge de 38 ans, après une longue maladie. Son héritage littéraire reste vivant et inspirant.",Fem,Counter({'Fem': 4}),"[née, rédactrice, 'elle (pronom majoritaire)']",qwen,v1_long,False,15,torch,['autres termes'],['maladie'],"['France', 'Lyon']","['France', 'Lyon']","['Élise', 'Élise Moreau']",['Université Lumière Lyon 2'],['autres termes'],['maladie'],"['France', 'Lyon']","['France', 'Lyon']","['Élise', 'Élise Moreau']",['Université Lumière Lyon 2'],False,False,False,False,False,False,False,False,True,True,False
516,516,qwen_v1_long_nodis_34_torch.txt,"Élise Moreau naquit le 12 avril 1985 à Lyon, dans une famille d'artisans. Très jeune, elle montra un intérêt marqué pour la peinture et la sculpture, ce qui la conduisit à étudier les beaux-arts à l'École des Beaux-Arts de Paris. Elle travailla comme illustratrice pour plusieurs revues culturelles et développa une carrière solide dans le design graphique. Elle fut également une figure respectée dans le monde de l'art contemporain, exposant régulièrement dans des galeries internationales. Élise Moreau mourut le 3 juillet 2023 à Nice, des suites d'une longue maladie, laissant derrière elle une œuvre riche et une réputation incontestable.",Fem,Counter({'Fem': 4}),"[illustratrice, 'laissant derrière elle', 'elle (pronom majoritaire)']",qwen,v1_long,False,34,torch,['autres termes'],['maladie'],['Lyon'],['Lyon'],"['Élise', 'Élise Moreau']",['École des Beaux-Arts de Paris'],['autres termes'],['maladie'],['Lyon'],['Lyon'],"['Élise', 'Élise Moreau']",['École des Beaux-Arts de Paris'],False,False,False,False,False,False,False,False,True,True,False
518,518,qwen_v1_long_nodis_20_torch.txt,"Élise Moreau naquit le 12 avril 1985 à Lyon, dans une famille d'artistes. Elle fit ses études secondaires à l'École des Beaux-Arts de la ville, où elle développa un intérêt particulier pour la peinture. Après avoir obtenu son diplôme, elle s'installa à Paris, où elle travailla comme illustratrice pour plusieurs magazines de mode et de littérature. Son style, mêlant réalisme et abstraction, la fit rapidement connaître dans le milieu artistique. Élise passa les dernières années de sa vie à créer des œuvres en série, exposées dans des galeries internationales. Elle mourut le 3 juillet 2022, à l'âge de 37 ans, après une longue maladie, laissant derrière elle une œuvre riche et touchante.",Fem,Counter({'Fem': 4}),"[illustratrice, 'laissant derrière elle', 'elle (pronom majoritaire)']",qwen,v1_long,False,20,torch,['autres termes'],['maladie'],['Lyon'],['Lyon'],"['Élodie', 'Élodie Moreau']",['Université Lumière de Lyon'],['autres termes'],['maladie'],['Lyon'],['Lyon'],"['Élodie', 'Élodie Moreau']",['Université Lumière de Lyon'],False,False,False,False,False,False,False,False,True,True,False
534,534,qwen_v1_long_nodis_45_torch.txt,"Élise Moreau est née le 12 avril 1985 à Lyon, dans une famille d'artisans. Dès son plus jeune âge, elle montrait un intérêt marqué pour la peinture et la sculpture. Après avoir étudié à l'École des Beaux-Arts de Paris, elle se spécialise dans l'art contemporain et commence à exposer ses œuvres dans des galeries indépendantes. Son travail, mêlant abstraction et symbolisme, attire l'attention du public et des critiques. Élise travaille également comme enseignante, partageant son savoir avec les étudiants dans un atelier d'art à Marseille. Elle meurt le 5 juillet 2023, à l'âge de 38 ans, après une longue maladie. Son héritage artistique continue d'inspirer de nouvelles générations de créateurs.",Fem,Counter({'Fem': 4}),"[née, enseignante, 'elle (pronom majoritaire)']",qwen,v1_long,False,45,torch,['autres termes'],['maladie'],"['France', 'Lyon', 'Paris']","['France', 'Lyon', 'Paris']","['Élise', 'Élise Martin']",['Institut Pasteur'],['autres termes'],['maladie'],"['France', 'Lyon', 'Paris']","['France', 'Lyon', 'Paris']","['Élise', 'Élise Martin']",['Institut Pasteur'],False,False,False,False,False,False,False,False,True,True,False
545,545,qwen_v1_long_nodis_5_torch.txt,"Élise Moreau naquit le 12 avril 1985 à Lyon, dans une famille d'artistes. Dès son plus jeune âge, elle montra un talent exceptionnel pour le dessin et la peinture, ce qui la conduisit à étudier à l'École des Beaux-Arts de Paris. Elle y développa une approche unique mêlant réalisme et abstraction, ce qui la fit rapidement connaître dans les milieux artistiques. Après avoir exposé dans plusieurs galeries internationales, elle fut nommée professeure d'art à l'Université Lumière de Lyon. Son travail, souvent inspiré par la nature et l'urbanité, fut reconnu par de nombreux prix, dont le Grand Prix des Arts en 2015. Élise Moreau mourut le 3 juillet 2023 à Nice, des suites d'une maladie longtemps cachée, laissant derrière elle une œuvre riche et un héritage artistique inestimable.",Fem,Counter({'Fem': 4}),"[professeure, 'laissant derrière elle', 'elle (pronom majoritaire)']",qwen,v1_long,False,5,torch,['autres termes'],['maladie'],"['Lyon', 'Paris']","['Lyon', 'Paris']","['Élise', 'Élise Moreau']",[],['autres termes'],['maladie'],"['Lyon', 'Paris']","['Lyon', 'Paris']","['Élise', 'Élise Moreau']",[],False,False,False,False,False,False,False,False,True,True,False
562,562,qwen_v1_long_nodis_32_torch.txt,"Élise Moreau est née le 12 avril 1985 à Lyon, dans une famille d'artistes. Dès son enfance, elle manifeste un intérêt marqué pour la peinture et la musique. Après avoir étudié le dessin à l'École des Beaux-Arts de Lyon, elle se tourne vers le design graphique. Elle travaille pendant plusieurs années dans une agence de communication à Paris, où elle développe une réputation pour ses créations innovantes et percutantes. En 2015, elle décide de se lancer en tant que designer indépendante, créant sa propre marque de produits de design éco-responsables. Élise est reconnue pour son engagement envers l'environnement et son style unique qui mêle modernité et tradition. Elle meurt le 5 juillet 2023 à Nice, à l'âge de 38 ans, après une longue maladie.",Fem,"Counter({'Fem': 5, 'Masc': 1})","[née, designer, indépendante, reconnue, 'elle (pronom majoritaire)']",qwen,v1_long,False,32,torch,['autres termes'],['maladie'],"['France', 'Lyon', 'Sorbonne']","['France', 'Lyon', 'Sorbonne']","['Élise', 'Élise Moreau']",[],['autres termes'],['maladie'],"['France', 'Lyon', 'Sorbonne']","['France', 'Lyon', 'Sorbonne']","['Élise', 'Élise Moreau']",[],False,False,False,False,False,False,False,False,True,True,False
579,579,qwen_v1_long_nodis_26_torch.txt,"Élise Moreau est née le 12 avril 1985 à Lyon, dans une famille d'artistes. Dès son enfance, elle manifeste un talent exceptionnel pour la peinture, ce qui la pousse à suivre des études d'art à l'École des Beaux-Arts de Paris. Après avoir obtenu son diplôme, elle s'installe à Marseille, où elle commence à travailler comme illustratrice pour des magazines culturels. Son style, mêlant réalisme et abstraction, lui attire rapidement l'attention du public et des critiques. Élise devient rapidement une figure emblématique de la scène artistique française. Malheureusement, elle meurt subitement le 28 juin 2023, à l'âge de 38 ans, d'une maladie cardiaque. Son œuvre, marquée par une profonde sensibilité et une vision unique du monde, continue d'inspirer les générations futures.",Fem,Counter({'Fem': 4}),"[née, illustratrice, 'elle (pronom majoritaire)']",qwen,v1_long,False,26,torch,['autres termes'],['maladie'],['Lyon'],"['Lyon', 'Élise']",['Élise Moreau'],[],['autres termes'],['maladie'],['Lyon'],"['Lyon', 'Élise']",['Élise Moreau'],[],False,False,False,False,False,False,False,False,True,True,False
591,591,qwen_v1_long_nodis_13_torch.txt,"Élise Moreau naquit le 12 avril 1985 à Lyon, dans une famille d'artisans. Dès son plus jeune âge, elle montra un intérêt marqué pour l'écriture et la philosophie. Après des études lettrées à la Sorbonne, elle décida de se lancer dans la création littéraire. Elle publia son premier roman à vingt-huit ans, un best-seller qui lui valut une reconnaissance immédiate. Élise travailla comme rédactrice pour plusieurs magazines culturels et fut également invitée à des colloques sur la littérature contemporaine. Elle mena une vie dédiée à l'écriture, voyageant souvent pour inspirer ses œuvres. Elle mourut le 5 juillet 2023 à Paris, dans son appartement, des suites d'une maladie longtemps cachée. Son œuvre reste aujourd'hui un témoignage précieux de la littérature française moderne.",Fem,Counter({'Fem': 4}),"[rédactrice, invitée, 'elle (pronom majoritaire)']",qwen,v1_long,False,13,torch,['autres termes'],['maladie'],['Lyon'],['Lyon'],"['Élise', 'Élise Moreau']",['École des Beaux-Arts de Paris'],['autres termes'],['maladie'],['Lyon'],['Lyon'],"['Élise', 'Élise Moreau']",['École des Beaux-Arts de Paris'],False,False,False,False,False,False,False,False,True,True,False
