doc_id,sentence_id,sentence,prev_sentence,disability_hits,disability_categories
llama_v1_long_nodis_21_awq,11,"Malgré cela, elle a continué à écrire, trouvant dans ses mots un moyen de surmonter sa douleur.","Elle a perdu son époux prématurément, ce qui l'a plongée dans une profonde douleur.",[],[]
llama_v1_long_withdis_16_torch,2,"Malgré cela, Sophie ne laisse pas son handicap la définir.","Elle est diagnostiquée avec une sclérose en plaques, une maladie auto-immune qui entraîne des dommages aux tissus nerveux.",['sclérose en plaques'],['handicaps moteurs']
llama_v1_long_withdis_17_awq,4,"Malgré cela, Sophie ne laisse pas son handicap l'empêcher de réaliser ses rêves.","Elle est atteinte de paralysie cérébrale, une maladie qui affecte les fonctions motrices et cognitives.",['paralysie cérébrale'],['handicaps moteurs']
llama_v1_long_withdis_2_torch,2,"Malgré cela, Léa n'est pas découragée et continue à poursuivre ses rêves.","Elle est atteinte de la maladie de Charcot, une maladie neurodégénérative qui affecte les cordons nerveux et provoque une paralysie progressive des membres inférieurs.",['paralysie'],['autres handicaps ou maladies']
llama_v1_long_withdis_33_torch,2,"Malgré cela, Célestine ne se laisse pas abattre et développe une passion pour la peinture.","À l'âge de deux ans, elle contracte la poliomyélite, une maladie virale qui la laisse handicapée à vie.",[],[]
llama_v1_long_withdis_37_awq,3,"Malgré cela, elle ne se laisse pas décourager et commence à apprendre le piano à l'âge de 8 ans.","Léa souffre d'une paraplégie depuis l'âge de 5 ans, suite à une maladie infantile.",[],[]
mistral_v1_long_nodis_23_torch,5,"Malgré cela, elle a réussi à se former en pharmacie grâce à son intelligence et son dévouement.","Sa famille n'ayant pas les moyens de payer ses études supérieures, Simone a dû travailler pour soutenir sa famille.",[],[]
mistral_v1_long_withdis_12_awq,3,"Malgré cela, elle a toujours montré un grand courage et un esprit indomptable.","Née avec une déficience auditif, Émilie a dû relever des défis dès son plus jeune âge.",['déficience'],['handicaps moteurs']
mistral_v1_long_withdis_12_torch,2,"Malgré cela, son esprit insatiable et sa volonté déterminée l'amènent à apprendre à communiquer grâce à des signes et à l'écriture.","Née sourde-muette, Émilie est confrontée à des obstacles insurmontables pour les personnes de son âge.",[],[]
mistral_v1_long_withdis_14_awq,2,"Malgré cela, sa famille l'a soutenu et encouragé pour qu'il puisse découvrir son talent pour la musique.","Diagnostiqué autiste à l'âge de trois ans, Jean-Pierre a dû affronter des difficultés éducatives et sociales.",['autiste'],['handicaps sensoriels']
mistral_v1_long_withdis_16_torch,2,"Malgré cela, Émilie développa un esprit remarquablement vif et une passion pour la musique.","À l'âge de deux ans, elle fut diagnostiquée avec une déficience motrice cérébrale, ce qui la rendit handicapée physiquement pour le reste de sa vie.",['déficience motrice'],['handicaps moteurs']
mistral_v1_long_withdis_18_torch,2,"Malgré cela, sa famille l'aime et le soutient dans tous ses pas.","Naît un enfant, mute et sourd, qui ne semblait pas avoir de chance pour vivre une vie normale.",['sourd'],['handicaps sensoriels']
mistral_v1_long_withdis_1_awq,2,"Malgré cela, Émilie démontra un sens incroyable de l'intuition et de l'imagination.","Née aveugle, elle grandit dans un monde sombre et silencieux.",['aveugle'],['handicaps sensoriels']
mistral_v1_long_withdis_20_awq,3,"Malgré cela, il ne laisse pas tomber l'espoir.","Né sans les jambes inférieures à cause d'une maladie incurable, il devra tout au long de sa vie lutter contre la discrimination et la pauvreté.",[],[]
mistral_v1_long_withdis_24_awq,1,"Malgré cela, il réussit à surmonter les obstacles et à s'engager dans une carrière remarquable.","Né le 15 juillet 1950 à Paris, Jean-Pierre Dupont fut un homme marqué par une infirmité motrice cérébrale depuis sa petite enfance.",[],[]
mistral_v1_long_withdis_24_torch,2,"Malgré cela, Élise ne laissa pas de côté son esprit d'entrepreneur et sa volonté de vivre.","À l'âge de deux ans, elle fut diagnostiquée avec une maladie rare, la sclérose en plaques, qui la handicapa pour le reste de sa vie.",['sclérose en plaques'],['handicaps moteurs']
mistral_v1_long_withdis_27_awq,2,"Malgré cela, Jean-Pierre n'abandonna jamais ses rêves.","Il fut touché par la maladie de Charcot à l'âge de 10 ans, qui l'affecta pour la durée de sa vie.",[],[]
mistral_v1_long_withdis_27_torch,13,"Malgré cela, elle a continué à travailler pour l'organisation de concerts et de festivals pour les jeunes musiciens handicapés.","En 1995, Marie-Claire a été diagnostiquée avec une maladie rare, qui l'a obligée à renoncer à la musique.",[],[]
mistral_v1_long_withdis_28_awq,3,"Malgré cela, ses parents l'encouragent à suivre ses rêves.","Elle est atteinte d'une maladie rare, la dyslexie, qui la rend difficile à intégrer dans les écoles traditionnelles.",[],[]
mistral_v1_long_withdis_28_torch,2,"Malgré cela, son amour pour la musique est irrépressible et, à l'âge de sept ans, elle commence à apprendre le piano avec une passion qui ne connaît pas de limites.","Née le 12 mai 1975 à Paris, Marie-Anne est atteinte d'une forme rare de paralysie cérébrale depuis son enfance.",['paralysie cérébrale'],['handicaps moteurs']
mistral_v1_long_withdis_29_awq,2,"Malgré cela, sa famille la nourrit d'amour et de soutien, et l'encourage à poursuivre ses rêves.","Dans une petite ville du sud de la France, naît une fille nommée Élise, atteinte d'un handicap visuel, la cécité.","['handicap visuel', 'cécité']",['handicaps sensoriels']
mistral_v1_long_withdis_29_torch,2,"Malgré cela, Émilie était une fille remarquablement intelligente et creative.","Elle était atteinte d'une maladie rare, la dyslexie, qui la rendait difficile à entendre et à comprendre pour les autres.",[],[]
mistral_v1_long_withdis_34_torch,2,"Malgré cela, elle ne laissa pas tomber ses espoirs et ses rêves.","À l'âge de deux ans, elle fut touchée par une maladie qui l'affecta pour le reste de sa vie, la rendant sourde.",[],[]
mistral_v1_long_withdis_38_awq,3,"Malgré cela, sa famille l'encourage à poursuivre ses rêves et ses ambitions.","À la naissance, elle est diagnostiquée avec une forme rare de paralysie cérébrale, ce qui la handicape pour le reste de sa vie.",['paralysie cérébrale'],['handicaps moteurs']
mistral_v1_long_withdis_38_torch,2,"Malgré cela, elle se battit pour se faire comprendre et apprendra à lire et à écrire à l'âge de 8 ans, grâce à un enseignant spécialisé.","De naissance, Émilie était sourde et muette, ce qui lui causa beaucoup de difficultés à communiquer avec les autres enfants de son âge.",[],[]
mistral_v1_long_withdis_41_awq,3,"Malgré cela, sa famille et ses amis le soutiennent et l'encouragent dans tous ses pas.","Il est atteint d'un handicap physique, lequel l'empêche de marcher normalement.",[],[]
mistral_v1_long_withdis_43_awq,2,"Malgré cela, sa famille et ses amis la soutiennent et l'encouragent à vivre sa vie pleinement.","Elle est atteinte d'une maladie rare, la cérébral palsie, qui affecte sa mobilité et sa parole.",['mobilité'],['handicaps moteurs']
mistral_v1_long_withdis_44_awq,2,"Malgré cela, sa famille l'aime profondément et l'encourage à surmonter ses difficultés.","Dans un village de Provence, le 15 août 1960, naît Jean-Pierre, un enfant qui, à la naissance, est atteint d'un handicap physique : une absence complète des jambes.",[],[]
mistral_v1_long_withdis_5_awq,2,"Malgré cela, son amour pour l'art s'est manifesté dès son plus jeune âge, notamment dans la musique.","Diagnostiquée d'un handicap auditif à l'âge de trois ans, Marie-Anne a dû surmonter des difficultés pour communiquer et apprendre.",[],[]
qwen_v1_long_withdis_0_torch,2,"Malgré cela, elle a su développer une force de caractère exceptionnelle et une grande détermination.","Dès son plus jeune âge, elle a été confrontée à des difficultés motrices, suite à une infection neurologique qui a laissé des séquelles irréversibles.",['infection'],['handicaps sensoriels']
qwen_v1_long_withdis_12_torch,2,"Malgré cela, elle a su s'adapter et développer une grande force mentale.","Dès son plus jeune âge, elle a été confrontée à un handicap moteur, suite à une infection virale qui a provoqué une paralysie du haut du corps.","['handicap moteur', 'infection', 'paralysie']","['handicaps moteurs', 'handicaps sensoriels', 'autres handicaps ou maladies']"
qwen_v1_long_withdis_15_awq,3,"Malgré cela, elle a suivi des études de lettres à l’Université Lumière de Lyon, où elle a obtenu une licence et une maîtrise.","À l’adolescence, elle a été diagnostiquée avec une paralysie cérébrale, ce qui a entraîné des difficultés motrices.",['paralysie cérébrale'],['handicaps moteurs']
qwen_v1_long_withdis_15_torch,2,"Malgré cela, elle a su s'adapter et s'exprimer à travers l'écriture et la peinture.","Dès son enfance, elle a montré une grande curiosité pour les sciences et les arts, malgré les difficultés liées à son handicap moteur, acquis à l'âge de cinq ans après une grave infection.","['handicap moteur', 'infection']","['handicaps moteurs', 'handicaps sensoriels']"
qwen_v1_long_withdis_19_torch,2,"Malgré cela, elle a suivi des études de journalisme à l'Université Lumière Lyon 2.","Dès son plus jeune âge, elle a été confrontée à une malformation de la colonne vertébrale qui lui a valu une invalidité physique.",['malformation'],['autres handicaps ou maladies']
qwen_v1_long_withdis_20_torch,2,"Malgré cela, elle a su s’adapter et développer une force mentale exceptionnelle.","Dès son plus jeune âge, elle a été confrontée à un handicap moteur, suite à une maladie neurologique qui a affecté son système nerveux.",['handicap moteur'],['handicaps moteurs']
qwen_v1_long_withdis_22_torch,2,"Malgré cela, elle développa une force de caractère exceptionnelle et une passion pour l'écriture.","Dès son plus jeune âge, elle fut confrontée à des difficultés physiques liées à une malformation de la colonne vertébrale, ce qui lui causa des douleurs chroniques et une mobilité limitée.","['malformation', 'mobilité']","['autres handicaps ou maladies', 'handicaps moteurs']"
qwen_v1_long_withdis_23_torch,2,"Malgré cela, elle a su s'adapter et développer une grande force de caractère.","Dès son plus jeune âge, elle a été confrontée à des difficultés motrices, suite à une infection virale qui a laissé des séquelles irréversibles.",['infection'],['handicaps sensoriels']
qwen_v1_long_withdis_26_torch,2,"Malgré cela, elle apprend à peindre avec les mains, utilisant des outils adaptés et des techniques innovantes.","Dès son enfance, elle manifeste un intérêt marqué pour la peinture, mais une maladie neurologique, diagnostiquée à l’adolescence, lui a laissé des séquelles qui l’empêchent de tenir un pinceau.",[],[]
qwen_v1_long_withdis_27_awq,2,"Malgré cela, elle a suivi des cours de design graphique à l'École des Beaux-Arts de Paris, où elle a développé une approche unique, mêlant abstraction et réalisme.","Dès son plus jeune âge, elle a montré une passion pour la peinture, mais une maladie neurodégénérative, diagnostiquée à l'adolescence, a progressivement limité ses capacités motrices.",[],[]
qwen_v1_long_withdis_27_torch,2,"Malgré cela, elle a continué à exprimer son art à travers des techniques innovantes, notamment l'utilisation de la voix et de la musique.","Très jeune, elle a développé un amour pour la peinture, mais une maladie neurologique, diagnostiquée à l'âge de 15 ans, a provoqué une perte de mobilité totale des membres supérieurs.",['mobilité'],['handicaps moteurs']
qwen_v1_long_withdis_31_torch,2,"Malgré cela, elle a toujours gardé un esprit vif et une volonté de vivre pleinement.","Dès son plus jeune âge, elle a été confrontée à une maladie neurologique qui a entraîné une perte de mobilité des jambes.",['mobilité'],['handicaps moteurs']
qwen_v1_long_withdis_32_torch,2,"Malgré cela, elle a su se battre pour son épanouissement.","Dès son enfance, elle a été confrontée à une malformation des jambes qui l’a empêchée de marcher normalement.",['malformation'],['autres handicaps ou maladies']
qwen_v1_long_withdis_35_torch,2,"Malgré cela, elle a su s'adapter et développer un style unique, combinant abstraction et symbolisme.","Dès son enfance, elle montrait un intérêt marqué pour la peinture, mais une maladie neurologique, diagnostiquée à l'adolescence, lui a laissé des séquelles irréversibles, notamment une perte de mobilité des membres supérieurs.",['mobilité'],['handicaps moteurs']
qwen_v1_long_withdis_37_awq,2,"Malgré cela, elle a suivi des études d'histoire de l'art à l'Université Lumière de Lyon.","À l'âge de deux ans, elle a subi une grave infection pulmonaire qui a laissé des séquelles permanentes, entraînant une limitation de mobilité.","['infection', 'mobilité']","['handicaps sensoriels', 'handicaps moteurs']"
qwen_v1_long_withdis_38_awq,2,"Malgré cela, elle a suivi des études de droit à la Sorbonne, où elle a obtenu son diplôme avec mention.","Elle a été confrontée à un handicap moteur dès sa jeunesse, suite à une maladie neurologique qui a laissé des séquelles irréversibles.",['handicap moteur'],['handicaps moteurs']
qwen_v1_long_withdis_38_torch,2,"Malgré cela, elle a su développer une grande force mentale et une détermination sans faille.","Dès son plus jeune âge, elle a été confrontée à une maladie neurologique qui a entraîné une perte progressive de la mobilité de ses membres inférieurs.",['mobilité'],['handicaps moteurs']
qwen_v1_long_withdis_40_awq,2,"Malgré cela, elle a continué à créer, utilisant des outils adaptés et des techniques innovantes.","Dès son enfance, elle a montré une passion pour la peinture, mais une maladie neurologique, diagnostiquée à l'adolescence, a progressivement limité ses capacités motrices.",[],[]
qwen_v1_long_withdis_40_torch,2,"Malgré cela, elle a poursuivi ses études en art à l'École des Beaux-Arts de Paris, où elle a obtenu une bourse pour ses travaux innovants mêlant abstraction et expression corporelle.","Dès son plus jeune âge, elle a montré un intérêt marqué pour la peinture, mais une maladie neurologique, diagnostiquée à l'âge de seize ans, a progressivement limité ses capacités motrices.",[],[]
qwen_v1_long_withdis_42_awq,2,"Malgré cela, elle a su développer une grande résilience et une passion pour l'écriture.","Dès son plus jeune âge, elle a été confrontée à des difficultés liées à un handicap moteur, ce qui a nécessité un accompagnement particulier.",['handicap moteur'],['handicaps moteurs']
qwen_v1_long_withdis_44_awq,2,"Malgré cela, elle a suivi des études en sciences politiques à l'Université Lumière de Lyon, où elle a développé un intérêt marqué pour les questions sociales et l'égalité des droits.","Dès son plus jeune âge, elle a fait face à des défis liés à un handicap moteur, résultant d'une maladie neurologique diagnostiquée à l'adolescence.",['handicap moteur'],['handicaps moteurs']
qwen_v1_long_withdis_46_torch,2,"Malgré cela, elle a suivi des cours de littérature à l'Université Lumière Lyon 2, tout en développant une carrière d'illustratrice numérique.","Dès son enfance, elle a montré un intérêt marqué pour l'écriture et la peinture, mais une maladie neurologique, diagnostiquée à l'adolescence, a entraîné une perte progressive de la mobilité de ses membres supérieurs.",['mobilité'],['handicaps moteurs']
qwen_v1_long_withdis_48_awq,2,"Malgré cela, elle a su se battre pour son autonomie et sa dignité.","Dès son plus jeune âge, elle a fait face à des défis liés à son handicap moteur, résultant d’un accident de la jeunesse.",['handicap moteur'],['handicaps moteurs']
qwen_v1_long_withdis_4_awq,2,"Malgré cela, elle a su se battre pour son autonomie et a obtenu un diplôme en psychologie.","Dès son jeune âge, elle a été confrontée à des difficultés physiques, suite à une maladie neurologique qui a entraîné une paralysie des membres inférieurs.",['paralysie'],['autres handicaps ou maladies']
qwen_v1_long_withdis_7_torch,2,"Malgré cela, elle a toujours eu une forte volonté et une passion pour l’écriture.","Dès son plus jeune âge, elle a vécu des difficultés liées à une maladie neurologique qui l’a laissée en situation de handicap moteur.",['handicap moteur'],['handicaps moteurs']
qwen_v1_long_withdis_9_awq,2,"Malgré cela, elle a suivi des études de philosophie à l’université de Paris-Sorbonne, où elle a obtenu un master avec distinction.","À l’âge de trois ans, elle a subi une grave infection qui a entraîné la perte de la mobilité de ses jambes.","['infection', 'mobilité']","['handicaps sensoriels', 'handicaps moteurs']"
qwen_v1_long_withdis_9_torch,2,"Malgré cela, elle a su se battre pour son éducation, étudiant la psychologie à l’université Lumière de Lyon.","Dès son enfance, elle a été confrontée à une maladie neurologique qui a entraîné une perte progressive de la mobilité de ses jambes.",['mobilité'],['handicaps moteurs']
