timestamp,node,bmc_power_watt,gpu_power_watt,gpu_power_limit_watt
2026-05-20T22:37:14+02:00,gruss-2,N/A,59.05,300.00
2026-05-20T22:37:25+02:00,gruss-2,N/A,32.70,300.00
2026-05-20T22:37:36+02:00,gruss-2,N/A,32.69,300.00
2026-05-20T22:37:46+02:00,gruss-2,N/A,32.61,300.00
2026-05-20T22:37:57+02:00,gruss-2,N/A,32.70,300.00
2026-05-20T22:38:07+02:00,gruss-2,N/A,106.40,300.00
2026-05-20T22:38:31+02:00,gruss-2,N/A,107.16,300.00
2026-05-20T22:38:42+02:00,gruss-2,N/A,107.94,300.00
2026-05-20T22:38:52+02:00,gruss-2,N/A,203.89,300.00
2026-05-20T22:39:03+02:00,gruss-2,N/A,236.71,300.00
2026-05-20T22:39:13+02:00,gruss-2,N/A,247.37,300.00
2026-05-20T22:39:24+02:00,gruss-2,N/A,244.79,300.00
2026-05-20T22:39:34+02:00,gruss-2,N/A,252.46,300.00
2026-05-20T22:39:44+02:00,gruss-2,N/A,246.91,300.00
2026-05-20T22:39:55+02:00,gruss-2,N/A,250.24,300.00
2026-05-20T22:40:05+02:00,gruss-2,N/A,251.62,300.00
2026-05-20T22:40:15+02:00,gruss-2,N/A,258.16,300.00
2026-05-20T22:40:26+02:00,gruss-2,N/A,256.01,300.00
2026-05-20T22:40:36+02:00,gruss-2,N/A,257.34,300.00
2026-05-20T22:40:47+02:00,gruss-2,N/A,262.81,300.00
2026-05-20T22:40:57+02:00,gruss-2,N/A,262.96,300.00
2026-05-20T22:41:07+02:00,gruss-2,N/A,263.00,300.00
2026-05-20T22:41:18+02:00,gruss-2,N/A,262.46,300.00
2026-05-20T22:41:29+02:00,gruss-2,N/A,256.84,300.00
2026-05-20T22:41:39+02:00,gruss-2,N/A,258.75,300.00
2026-05-20T22:41:49+02:00,gruss-2,N/A,266.35,300.00
2026-05-20T22:42:00+02:00,gruss-2,N/A,266.90,300.00
2026-05-20T22:42:10+02:00,gruss-2,N/A,268.25,300.00
2026-05-20T22:42:20+02:00,gruss-2,N/A,264.00,300.00
2026-05-20T22:42:31+02:00,gruss-2,N/A,262.90,300.00
2026-05-20T22:42:41+02:00,gruss-2,N/A,261.26,300.00
2026-05-20T22:42:52+02:00,gruss-2,N/A,257.43,300.00
2026-05-20T22:43:02+02:00,gruss-2,N/A,260.41,300.00
2026-05-20T22:43:12+02:00,gruss-2,N/A,265.67,300.00
2026-05-20T22:43:23+02:00,gruss-2,N/A,262.84,300.00
2026-05-20T22:43:33+02:00,gruss-2,N/A,263.50,300.00
2026-05-20T22:43:44+02:00,gruss-2,N/A,264.55,300.00
2026-05-20T22:43:55+02:00,gruss-2,N/A,261.96,300.00
2026-05-20T22:44:05+02:00,gruss-2,N/A,255.87,300.00
2026-05-20T22:44:16+02:00,gruss-2,N/A,261.43,300.00
2026-05-20T22:44:26+02:00,gruss-2,N/A,264.58,300.00
2026-05-20T22:44:36+02:00,gruss-2,N/A,263.38,300.00
2026-05-20T22:44:47+02:00,gruss-2,N/A,262.60,300.00
2026-05-20T22:44:57+02:00,gruss-2,N/A,257.18,300.00
2026-05-20T22:45:07+02:00,gruss-2,N/A,264.94,300.00
2026-05-20T22:45:18+02:00,gruss-2,N/A,261.46,300.00
2026-05-20T22:45:28+02:00,gruss-2,N/A,261.29,300.00
2026-05-20T22:45:38+02:00,gruss-2,N/A,255.76,300.00
2026-05-20T22:45:49+02:00,gruss-2,N/A,256.32,300.00
2026-05-20T22:45:59+02:00,gruss-2,N/A,257.03,300.00
2026-05-20T22:46:10+02:00,gruss-2,N/A,262.63,300.00
2026-05-20T22:46:20+02:00,gruss-2,N/A,262.85,300.00
2026-05-20T22:46:30+02:00,gruss-2,N/A,263.76,300.00
2026-05-20T22:46:41+02:00,gruss-2,N/A,265.99,300.00
2026-05-20T22:46:51+02:00,gruss-2,N/A,262.08,300.00
2026-05-20T22:47:01+02:00,gruss-2,N/A,268.16,300.00
2026-05-20T22:47:12+02:00,gruss-2,N/A,257.08,300.00
2026-05-20T22:47:22+02:00,gruss-2,N/A,258.43,300.00
2026-05-20T22:47:33+02:00,gruss-2,N/A,264.04,300.00
2026-05-20T22:47:43+02:00,gruss-2,N/A,256.43,300.00
2026-05-20T22:47:53+02:00,gruss-2,N/A,256.02,300.00
2026-05-20T22:48:04+02:00,gruss-2,N/A,257.31,300.00
2026-05-20T22:48:14+02:00,gruss-2,N/A,254.42,300.00
2026-05-20T22:48:24+02:00,gruss-2,N/A,257.62,300.00
2026-05-20T22:48:35+02:00,gruss-2,N/A,257.19,300.00
2026-05-20T22:48:45+02:00,gruss-2,N/A,257.31,300.00
2026-05-20T22:48:56+02:00,gruss-2,N/A,263.71,300.00
2026-05-20T22:49:06+02:00,gruss-2,N/A,256.89,300.00
2026-05-20T22:49:16+02:00,gruss-2,N/A,259.18,300.00
2026-05-20T22:49:27+02:00,gruss-2,N/A,262.93,300.00
2026-05-20T22:49:37+02:00,gruss-2,N/A,256.93,300.00
2026-05-20T22:49:48+02:00,gruss-2,N/A,259.99,300.00
2026-05-20T22:49:58+02:00,gruss-2,N/A,257.75,300.00
2026-05-20T22:50:08+02:00,gruss-2,N/A,263.14,300.00
2026-05-20T22:50:19+02:00,gruss-2,N/A,257.82,300.00
2026-05-20T22:50:29+02:00,gruss-2,N/A,255.69,300.00
2026-05-20T22:50:39+02:00,gruss-2,N/A,258.08,300.00
2026-05-20T22:50:50+02:00,gruss-2,N/A,255.63,300.00
2026-05-20T22:51:00+02:00,gruss-2,N/A,256.67,300.00
2026-05-20T22:51:10+02:00,gruss-2,N/A,258.92,300.00
2026-05-20T22:51:21+02:00,gruss-2,N/A,262.34,300.00
2026-05-20T22:51:31+02:00,gruss-2,N/A,262.41,300.00
2026-05-20T22:51:42+02:00,gruss-2,N/A,260.26,300.00
2026-05-20T22:51:52+02:00,gruss-2,N/A,264.16,300.00
2026-05-20T22:52:02+02:00,gruss-2,N/A,263.19,300.00
2026-05-20T22:52:13+02:00,gruss-2,N/A,265.16,300.00
2026-05-20T22:52:23+02:00,gruss-2,N/A,256.89,300.00
2026-05-20T22:52:33+02:00,gruss-2,N/A,262.64,300.00
2026-05-20T22:52:44+02:00,gruss-2,N/A,258.76,300.00
2026-05-20T22:52:54+02:00,gruss-2,N/A,262.27,300.00
2026-05-20T22:53:04+02:00,gruss-2,N/A,261.01,300.00
2026-05-20T22:53:15+02:00,gruss-2,N/A,258.90,300.00
2026-05-20T22:53:25+02:00,gruss-2,N/A,260.90,300.00
2026-05-20T22:53:36+02:00,gruss-2,N/A,260.77,300.00
2026-05-20T22:53:46+02:00,gruss-2,N/A,256.72,300.00
2026-05-20T22:53:57+02:00,gruss-2,N/A,261.85,300.00
2026-05-20T22:54:07+02:00,gruss-2,N/A,262.77,300.00
2026-05-20T22:54:17+02:00,gruss-2,N/A,259.67,300.00
2026-05-20T22:54:28+02:00,gruss-2,N/A,263.11,300.00
2026-05-20T22:54:38+02:00,gruss-2,N/A,262.72,300.00
2026-05-20T22:54:48+02:00,gruss-2,N/A,262.42,300.00
2026-05-20T22:54:59+02:00,gruss-2,N/A,260.05,300.00
2026-05-20T22:55:09+02:00,gruss-2,N/A,262.96,300.00
2026-05-20T22:55:19+02:00,gruss-2,N/A,262.48,300.00
2026-05-20T22:55:30+02:00,gruss-2,N/A,263.40,300.00
2026-05-20T22:55:40+02:00,gruss-2,N/A,266.36,300.00
2026-05-20T22:55:51+02:00,gruss-2,N/A,264.68,300.00
2026-05-20T22:56:01+02:00,gruss-2,N/A,262.82,300.00
2026-05-20T22:56:11+02:00,gruss-2,N/A,265.74,300.00
2026-05-20T22:56:22+02:00,gruss-2,N/A,263.15,300.00
2026-05-20T22:56:32+02:00,gruss-2,N/A,263.55,300.00
2026-05-20T22:56:43+02:00,gruss-2,N/A,264.69,300.00
2026-05-20T22:56:53+02:00,gruss-2,N/A,265.66,300.00
2026-05-20T22:57:03+02:00,gruss-2,N/A,265.91,300.00
2026-05-20T22:57:14+02:00,gruss-2,N/A,265.41,300.00
2026-05-20T22:57:24+02:00,gruss-2,N/A,263.29,300.00
2026-05-20T22:57:35+02:00,gruss-2,N/A,264.17,300.00
2026-05-20T22:57:45+02:00,gruss-2,N/A,264.74,300.00
2026-05-20T22:57:55+02:00,gruss-2,N/A,264.89,300.00
2026-05-20T22:58:06+02:00,gruss-2,N/A,124.07,300.00
2026-05-20T22:58:16+02:00,gruss-2,N/A,119.44,300.00
2026-05-20T22:58:26+02:00,gruss-2,N/A,117.57,300.00
2026-05-20T22:58:37+02:00,gruss-2,N/A,116.57,300.00
2026-05-20T22:58:47+02:00,gruss-2,N/A,115.55,300.00
2026-05-20T22:58:57+02:00,gruss-2,N/A,116.03,300.00
2026-05-20T22:59:07+02:00,gruss-2,N/A,244.41,300.00
2026-05-20T22:59:18+02:00,gruss-2,N/A,136.70,300.00
2026-05-20T22:59:29+02:00,gruss-2,N/A,299.47,300.00
2026-05-20T22:59:39+02:00,gruss-2,N/A,298.64,300.00
2026-05-20T22:59:50+02:00,gruss-2,N/A,299.59,300.00
2026-05-20T23:00:00+02:00,gruss-2,N/A,299.40,300.00
2026-05-20T23:00:10+02:00,gruss-2,N/A,299.25,300.00
2026-05-20T23:00:21+02:00,gruss-2,N/A,299.90,300.00
2026-05-20T23:00:31+02:00,gruss-2,N/A,299.04,300.00
2026-05-20T23:00:42+02:00,gruss-2,N/A,298.94,300.00
2026-05-20T23:00:52+02:00,gruss-2,N/A,299.28,300.00
2026-05-20T23:01:03+02:00,gruss-2,N/A,299.05,300.00
2026-05-20T23:01:13+02:00,gruss-2,N/A,299.35,300.00
2026-05-20T23:01:23+02:00,gruss-2,N/A,299.11,300.00
2026-05-20T23:01:34+02:00,gruss-2,N/A,298.88,300.00
2026-05-20T23:01:44+02:00,gruss-2,N/A,299.10,300.00
2026-05-20T23:01:55+02:00,gruss-2,N/A,299.55,300.00
2026-05-20T23:02:05+02:00,gruss-2,N/A,299.13,300.00
2026-05-20T23:02:16+02:00,gruss-2,N/A,298.92,300.00
2026-05-20T23:02:26+02:00,gruss-2,N/A,299.54,300.00
2026-05-20T23:02:36+02:00,gruss-2,N/A,299.24,300.00
2026-05-20T23:02:47+02:00,gruss-2,N/A,299.35,300.00
2026-05-20T23:02:57+02:00,gruss-2,N/A,299.20,300.00
2026-05-20T23:03:08+02:00,gruss-2,N/A,298.54,300.00
2026-05-20T23:03:18+02:00,gruss-2,N/A,298.99,300.00
2026-05-20T23:03:28+02:00,gruss-2,N/A,298.59,300.00
2026-05-20T23:03:38+02:00,gruss-2,N/A,298.63,300.00
2026-05-20T23:03:49+02:00,gruss-2,N/A,299.73,300.00
2026-05-20T23:04:00+02:00,gruss-2,N/A,298.81,300.00
2026-05-20T23:04:10+02:00,gruss-2,N/A,299.09,300.00
2026-05-20T23:04:20+02:00,gruss-2,N/A,298.61,300.00
2026-05-20T23:04:31+02:00,gruss-2,N/A,298.51,300.00
2026-05-20T23:04:41+02:00,gruss-2,N/A,298.88,300.00
2026-05-20T23:04:52+02:00,gruss-2,N/A,299.09,300.00
2026-05-20T23:05:02+02:00,gruss-2,N/A,299.13,300.00
2026-05-20T23:05:12+02:00,gruss-2,N/A,299.23,300.00
2026-05-20T23:05:23+02:00,gruss-2,N/A,299.39,300.00
2026-05-20T23:05:33+02:00,gruss-2,N/A,299.42,300.00
2026-05-20T23:05:43+02:00,gruss-2,N/A,299.12,300.00
2026-05-20T23:05:54+02:00,gruss-2,N/A,299.11,300.00
2026-05-20T23:06:04+02:00,gruss-2,N/A,298.89,300.00
2026-05-20T23:06:14+02:00,gruss-2,N/A,298.70,300.00
2026-05-20T23:06:25+02:00,gruss-2,N/A,298.83,300.00
2026-05-20T23:06:35+02:00,gruss-2,N/A,299.10,300.00
2026-05-20T23:06:45+02:00,gruss-2,N/A,299.09,300.00
2026-05-20T23:06:56+02:00,gruss-2,N/A,299.29,300.00
2026-05-20T23:07:06+02:00,gruss-2,N/A,300.31,300.00
2026-05-20T23:07:16+02:00,gruss-2,N/A,298.51,300.00
2026-05-20T23:07:27+02:00,gruss-2,N/A,299.31,300.00
2026-05-20T23:07:37+02:00,gruss-2,N/A,298.88,300.00
2026-05-20T23:07:48+02:00,gruss-2,N/A,298.51,300.00
2026-05-20T23:07:58+02:00,gruss-2,N/A,298.42,300.00
2026-05-20T23:08:08+02:00,gruss-2,N/A,298.49,300.00
2026-05-20T23:08:19+02:00,gruss-2,N/A,299.45,300.00
2026-05-20T23:08:29+02:00,gruss-2,N/A,298.88,300.00
2026-05-20T23:08:39+02:00,gruss-2,N/A,299.02,300.00
2026-05-20T23:08:50+02:00,gruss-2,N/A,298.94,300.00
2026-05-20T23:09:00+02:00,gruss-2,N/A,299.25,300.00
2026-05-20T23:09:11+02:00,gruss-2,N/A,300.35,300.00
2026-05-20T23:09:21+02:00,gruss-2,N/A,299.28,300.00
2026-05-20T23:09:32+02:00,gruss-2,N/A,299.78,300.00
2026-05-20T23:09:42+02:00,gruss-2,N/A,299.03,300.00
2026-05-20T23:09:52+02:00,gruss-2,N/A,298.57,300.00
2026-05-20T23:10:03+02:00,gruss-2,N/A,298.55,300.00
2026-05-20T23:10:13+02:00,gruss-2,N/A,299.13,300.00
2026-05-20T23:10:23+02:00,gruss-2,N/A,298.83,300.00
2026-05-20T23:10:34+02:00,gruss-2,N/A,299.09,300.00
2026-05-20T23:10:44+02:00,gruss-2,N/A,299.26,300.00
2026-05-20T23:10:54+02:00,gruss-2,N/A,298.23,300.00
2026-05-20T23:11:05+02:00,gruss-2,N/A,298.82,300.00
2026-05-20T23:11:15+02:00,gruss-2,N/A,299.22,300.00
2026-05-20T23:11:26+02:00,gruss-2,N/A,299.28,300.00
2026-05-20T23:11:36+02:00,gruss-2,N/A,299.59,300.00
2026-05-20T23:11:46+02:00,gruss-2,N/A,299.02,300.00
2026-05-20T23:11:57+02:00,gruss-2,N/A,299.03,300.00
2026-05-20T23:12:07+02:00,gruss-2,N/A,298.99,300.00
2026-05-20T23:12:18+02:00,gruss-2,N/A,299.15,300.00
2026-05-20T23:12:29+02:00,gruss-2,N/A,299.01,300.00
2026-05-20T23:12:39+02:00,gruss-2,N/A,299.65,300.00
2026-05-20T23:12:49+02:00,gruss-2,N/A,299.69,300.00
2026-05-20T23:13:00+02:00,gruss-2,N/A,298.98,300.00
2026-05-20T23:13:10+02:00,gruss-2,N/A,298.91,300.00
2026-05-20T23:13:20+02:00,gruss-2,N/A,298.74,300.00
2026-05-20T23:13:31+02:00,gruss-2,N/A,298.86,300.00
2026-05-20T23:13:41+02:00,gruss-2,N/A,299.09,300.00
2026-05-20T23:13:51+02:00,gruss-2,N/A,298.82,300.00
2026-05-20T23:14:02+02:00,gruss-2,N/A,299.38,300.00
2026-05-20T23:14:12+02:00,gruss-2,N/A,299.66,300.00
2026-05-20T23:14:22+02:00,gruss-2,N/A,299.23,300.00
2026-05-20T23:14:33+02:00,gruss-2,N/A,299.14,300.00
2026-05-20T23:14:43+02:00,gruss-2,N/A,299.02,300.00
2026-05-20T23:14:54+02:00,gruss-2,N/A,298.72,300.00
2026-05-20T23:15:04+02:00,gruss-2,N/A,298.53,300.00
2026-05-20T23:15:14+02:00,gruss-2,N/A,299.60,300.00
2026-05-20T23:15:25+02:00,gruss-2,N/A,299.05,300.00
2026-05-20T23:15:35+02:00,gruss-2,N/A,298.86,300.00
2026-05-20T23:15:46+02:00,gruss-2,N/A,299.43,300.00
2026-05-20T23:15:56+02:00,gruss-2,N/A,300.45,300.00
2026-05-20T23:16:06+02:00,gruss-2,N/A,299.70,300.00
2026-05-20T23:16:17+02:00,gruss-2,N/A,298.60,300.00
2026-05-20T23:16:27+02:00,gruss-2,N/A,298.62,300.00
2026-05-20T23:16:37+02:00,gruss-2,N/A,298.67,300.00
2026-05-20T23:16:48+02:00,gruss-2,N/A,299.11,300.00
2026-05-20T23:16:58+02:00,gruss-2,N/A,298.83,300.00
2026-05-20T23:17:09+02:00,gruss-2,N/A,298.58,300.00
2026-05-20T23:17:19+02:00,gruss-2,N/A,299.11,300.00
2026-05-20T23:17:29+02:00,gruss-2,N/A,299.30,300.00
2026-05-20T23:17:39+02:00,gruss-2,N/A,299.39,300.00
2026-05-20T23:17:50+02:00,gruss-2,N/A,298.98,300.00
2026-05-20T23:18:00+02:00,gruss-2,N/A,298.63,300.00
2026-05-20T23:18:10+02:00,gruss-2,N/A,299.18,300.00
2026-05-20T23:18:21+02:00,gruss-2,N/A,299.08,300.00
2026-05-20T23:18:32+02:00,gruss-2,N/A,299.09,300.00
2026-05-20T23:18:42+02:00,gruss-2,N/A,299.29,300.00
2026-05-20T23:18:52+02:00,gruss-2,N/A,298.92,300.00
2026-05-20T23:19:03+02:00,gruss-2,N/A,298.80,300.00
2026-05-20T23:19:13+02:00,gruss-2,N/A,298.97,300.00
2026-05-20T23:19:23+02:00,gruss-2,N/A,299.10,300.00
2026-05-20T23:19:34+02:00,gruss-2,N/A,299.13,300.00
2026-05-20T23:19:44+02:00,gruss-2,N/A,299.36,300.00
2026-05-20T23:19:54+02:00,gruss-2,N/A,299.15,300.00
2026-05-20T23:20:05+02:00,gruss-2,N/A,299.30,300.00
2026-05-20T23:20:15+02:00,gruss-2,N/A,298.73,300.00
2026-05-20T23:20:25+02:00,gruss-2,N/A,298.89,300.00
2026-05-20T23:20:36+02:00,gruss-2,N/A,298.79,300.00
2026-05-20T23:20:46+02:00,gruss-2,N/A,299.29,300.00
2026-05-20T23:20:56+02:00,gruss-2,N/A,298.98,300.00
2026-05-20T23:21:07+02:00,gruss-2,N/A,299.03,300.00
2026-05-20T23:21:17+02:00,gruss-2,N/A,299.39,300.00
2026-05-20T23:21:27+02:00,gruss-2,N/A,298.76,300.00
2026-05-20T23:21:38+02:00,gruss-2,N/A,299.09,300.00
2026-05-20T23:21:48+02:00,gruss-2,N/A,298.47,300.00
2026-05-20T23:21:58+02:00,gruss-2,N/A,298.46,300.00
2026-05-20T23:22:09+02:00,gruss-2,N/A,299.03,300.00
2026-05-20T23:22:20+02:00,gruss-2,N/A,299.62,300.00
2026-05-20T23:22:30+02:00,gruss-2,N/A,298.38,300.00
2026-05-20T23:22:40+02:00,gruss-2,N/A,299.41,300.00
2026-05-20T23:22:50+02:00,gruss-2,N/A,299.64,300.00
2026-05-20T23:23:01+02:00,gruss-2,N/A,299.28,300.00
2026-05-20T23:23:12+02:00,gruss-2,N/A,299.31,300.00
2026-05-20T23:23:22+02:00,gruss-2,N/A,299.21,300.00
2026-05-20T23:23:32+02:00,gruss-2,N/A,299.49,300.00
2026-05-20T23:23:43+02:00,gruss-2,N/A,300.18,300.00
2026-05-20T23:23:54+02:00,gruss-2,N/A,298.69,300.00
2026-05-20T23:24:04+02:00,gruss-2,N/A,299.14,300.00
2026-05-20T23:24:15+02:00,gruss-2,N/A,299.93,300.00
2026-05-20T23:24:25+02:00,gruss-2,N/A,299.62,300.00
2026-05-20T23:24:36+02:00,gruss-2,N/A,299.00,300.00
2026-05-20T23:24:47+02:00,gruss-2,N/A,299.66,300.00
2026-05-20T23:24:58+02:00,gruss-2,N/A,299.62,300.00
2026-05-20T23:25:08+02:00,gruss-2,N/A,298.79,300.00
2026-05-20T23:25:18+02:00,gruss-2,N/A,298.75,300.00
2026-05-20T23:25:29+02:00,gruss-2,N/A,298.80,300.00
2026-05-20T23:25:39+02:00,gruss-2,N/A,298.37,300.00
2026-05-20T23:25:50+02:00,gruss-2,N/A,298.91,300.00
2026-05-20T23:26:00+02:00,gruss-2,N/A,299.17,300.00
2026-05-20T23:26:11+02:00,gruss-2,N/A,299.41,300.00
2026-05-20T23:26:21+02:00,gruss-2,N/A,299.34,300.00
2026-05-20T23:26:31+02:00,gruss-2,N/A,299.46,300.00
2026-05-20T23:26:42+02:00,gruss-2,N/A,299.23,300.00
2026-05-20T23:26:52+02:00,gruss-2,N/A,298.93,300.00
2026-05-20T23:27:02+02:00,gruss-2,N/A,299.27,300.00
2026-05-20T23:27:13+02:00,gruss-2,N/A,298.46,300.00
2026-05-20T23:27:23+02:00,gruss-2,N/A,299.10,300.00
2026-05-20T23:27:34+02:00,gruss-2,N/A,298.61,300.00
2026-05-20T23:27:44+02:00,gruss-2,N/A,298.68,300.00
2026-05-20T23:27:54+02:00,gruss-2,N/A,299.43,300.00
2026-05-20T23:28:05+02:00,gruss-2,N/A,298.74,300.00
2026-05-20T23:28:15+02:00,gruss-2,N/A,298.66,300.00
2026-05-20T23:28:26+02:00,gruss-2,N/A,299.24,300.00
2026-05-20T23:28:36+02:00,gruss-2,N/A,298.77,300.00
2026-05-20T23:28:46+02:00,gruss-2,N/A,299.13,300.00
2026-05-20T23:28:57+02:00,gruss-2,N/A,299.15,300.00
2026-05-20T23:29:07+02:00,gruss-2,N/A,299.25,300.00
2026-05-20T23:29:18+02:00,gruss-2,N/A,299.10,300.00
2026-05-20T23:29:28+02:00,gruss-2,N/A,300.22,300.00
2026-05-20T23:29:38+02:00,gruss-2,N/A,299.31,300.00
2026-05-20T23:29:48+02:00,gruss-2,N/A,299.04,300.00
2026-05-20T23:29:59+02:00,gruss-2,N/A,299.29,300.00
2026-05-20T23:30:09+02:00,gruss-2,N/A,298.71,300.00
2026-05-20T23:30:20+02:00,gruss-2,N/A,299.61,300.00
2026-05-20T23:30:30+02:00,gruss-2,N/A,299.30,300.00
2026-05-20T23:30:41+02:00,gruss-2,N/A,298.22,300.00
2026-05-20T23:30:51+02:00,gruss-2,N/A,298.57,300.00
2026-05-20T23:31:01+02:00,gruss-2,N/A,299.95,300.00
2026-05-20T23:31:12+02:00,gruss-2,N/A,298.51,300.00
2026-05-20T23:31:22+02:00,gruss-2,N/A,299.01,300.00
2026-05-20T23:31:33+02:00,gruss-2,N/A,298.61,300.00
2026-05-20T23:31:43+02:00,gruss-2,N/A,299.80,300.00
2026-05-20T23:31:53+02:00,gruss-2,N/A,300.33,300.00
2026-05-20T23:32:04+02:00,gruss-2,N/A,299.42,300.00
2026-05-20T23:32:14+02:00,gruss-2,N/A,298.86,300.00
2026-05-20T23:32:24+02:00,gruss-2,N/A,299.44,300.00
2026-05-20T23:32:35+02:00,gruss-2,N/A,299.37,300.00
2026-05-20T23:32:45+02:00,gruss-2,N/A,298.87,300.00
2026-05-20T23:32:55+02:00,gruss-2,N/A,298.79,300.00
2026-05-20T23:33:06+02:00,gruss-2,N/A,298.58,300.00
2026-05-20T23:33:16+02:00,gruss-2,N/A,298.48,300.00
2026-05-20T23:33:26+02:00,gruss-2,N/A,298.65,300.00
2026-05-20T23:33:36+02:00,gruss-2,N/A,298.61,300.00
2026-05-20T23:33:47+02:00,gruss-2,N/A,299.28,300.00
2026-05-20T23:33:58+02:00,gruss-2,N/A,298.99,300.00
2026-05-20T23:34:08+02:00,gruss-2,N/A,299.50,300.00
2026-05-20T23:34:18+02:00,gruss-2,N/A,299.30,300.00
2026-05-20T23:34:29+02:00,gruss-2,N/A,299.02,300.00
2026-05-20T23:34:39+02:00,gruss-2,N/A,299.67,300.00
2026-05-20T23:34:49+02:00,gruss-2,N/A,300.15,300.00
2026-05-20T23:35:00+02:00,gruss-2,N/A,299.29,300.00
2026-05-20T23:35:10+02:00,gruss-2,N/A,298.73,300.00
2026-05-20T23:35:20+02:00,gruss-2,N/A,299.35,300.00
2026-05-20T23:35:31+02:00,gruss-2,N/A,298.63,300.00
2026-05-20T23:35:41+02:00,gruss-2,N/A,299.05,300.00
2026-05-20T23:35:51+02:00,gruss-2,N/A,299.22,300.00
2026-05-20T23:36:02+02:00,gruss-2,N/A,299.43,300.00
2026-05-20T23:36:12+02:00,gruss-2,N/A,298.93,300.00
2026-05-20T23:36:22+02:00,gruss-2,N/A,299.05,300.00
2026-05-20T23:36:33+02:00,gruss-2,N/A,298.68,300.00
2026-05-20T23:36:43+02:00,gruss-2,N/A,299.32,300.00
2026-05-20T23:36:53+02:00,gruss-2,N/A,299.47,300.00
2026-05-20T23:37:04+02:00,gruss-2,N/A,298.70,300.00
2026-05-20T23:37:14+02:00,gruss-2,N/A,298.67,300.00
2026-05-20T23:37:24+02:00,gruss-2,N/A,299.43,300.00
2026-05-20T23:37:35+02:00,gruss-2,N/A,299.25,300.00
2026-05-20T23:37:45+02:00,gruss-2,N/A,299.86,300.00
2026-05-20T23:37:55+02:00,gruss-2,N/A,298.94,300.00
2026-05-20T23:38:06+02:00,gruss-2,N/A,299.20,300.00
2026-05-20T23:38:16+02:00,gruss-2,N/A,299.06,300.00
2026-05-20T23:38:26+02:00,gruss-2,N/A,299.35,300.00
2026-05-20T23:38:37+02:00,gruss-2,N/A,299.42,300.00
2026-05-20T23:38:47+02:00,gruss-2,N/A,299.27,300.00
2026-05-20T23:38:57+02:00,gruss-2,N/A,299.13,300.00
2026-05-20T23:39:08+02:00,gruss-2,N/A,299.48,300.00
2026-05-20T23:39:19+02:00,gruss-2,N/A,298.81,300.00
2026-05-20T23:39:29+02:00,gruss-2,N/A,298.86,300.00
2026-05-20T23:39:39+02:00,gruss-2,N/A,299.20,300.00
2026-05-20T23:39:50+02:00,gruss-2,N/A,299.59,300.00
2026-05-20T23:40:00+02:00,gruss-2,N/A,299.11,300.00
2026-05-20T23:40:10+02:00,gruss-2,N/A,299.58,300.00
2026-05-20T23:40:21+02:00,gruss-2,N/A,299.16,300.00
2026-05-20T23:40:31+02:00,gruss-2,N/A,299.09,300.00
2026-05-20T23:40:41+02:00,gruss-2,N/A,298.81,300.00
2026-05-20T23:40:52+02:00,gruss-2,N/A,298.76,300.00
2026-05-20T23:41:02+02:00,gruss-2,N/A,298.95,300.00
2026-05-20T23:41:13+02:00,gruss-2,N/A,299.16,300.00
2026-05-20T23:41:23+02:00,gruss-2,N/A,299.97,300.00
2026-05-20T23:41:33+02:00,gruss-2,N/A,299.22,300.00
2026-05-20T23:41:44+02:00,gruss-2,N/A,299.23,300.00
2026-05-20T23:41:54+02:00,gruss-2,N/A,298.95,300.00
2026-05-20T23:42:04+02:00,gruss-2,N/A,299.10,300.00
2026-05-20T23:42:15+02:00,gruss-2,N/A,300.00,300.00
2026-05-20T23:42:25+02:00,gruss-2,N/A,299.38,300.00
2026-05-20T23:42:35+02:00,gruss-2,N/A,298.32,300.00
2026-05-20T23:42:46+02:00,gruss-2,N/A,298.77,300.00
2026-05-20T23:42:56+02:00,gruss-2,N/A,298.60,300.00
2026-05-20T23:43:07+02:00,gruss-2,N/A,299.65,300.00
2026-05-20T23:43:17+02:00,gruss-2,N/A,298.97,300.00
2026-05-20T23:43:27+02:00,gruss-2,N/A,299.02,300.00
2026-05-20T23:43:38+02:00,gruss-2,N/A,299.26,300.00
2026-05-20T23:43:48+02:00,gruss-2,N/A,300.06,300.00
2026-05-20T23:43:59+02:00,gruss-2,N/A,299.61,300.00
2026-05-20T23:44:09+02:00,gruss-2,N/A,299.43,300.00
2026-05-20T23:44:19+02:00,gruss-2,N/A,299.12,300.00
2026-05-20T23:44:30+02:00,gruss-2,N/A,298.87,300.00
2026-05-20T23:44:40+02:00,gruss-2,N/A,299.14,300.00
2026-05-20T23:44:50+02:00,gruss-2,N/A,299.43,300.00
2026-05-20T23:45:01+02:00,gruss-2,N/A,122.46,300.00
2026-05-20T23:45:12+02:00,gruss-2,N/A,117.00,300.00
2026-05-20T23:45:22+02:00,gruss-2,N/A,114.97,300.00
2026-05-20T23:45:34+02:00,gruss-2,N/A,112.30,300.00
2026-05-20T23:45:44+02:00,gruss-2,N/A,233.04,300.00
2026-05-20T23:45:55+02:00,gruss-2,N/A,236.05,300.00
2026-05-20T23:46:06+02:00,gruss-2,N/A,239.71,300.00
2026-05-20T23:46:16+02:00,gruss-2,N/A,236.97,300.00
2026-05-20T23:46:26+02:00,gruss-2,N/A,237.68,300.00
2026-05-20T23:46:37+02:00,gruss-2,N/A,238.06,300.00
2026-05-20T23:46:47+02:00,gruss-2,N/A,243.74,300.00
2026-05-20T23:46:57+02:00,gruss-2,N/A,240.48,300.00
2026-05-20T23:47:08+02:00,gruss-2,N/A,244.93,300.00
2026-05-20T23:47:18+02:00,gruss-2,N/A,238.41,300.00
2026-05-20T23:47:28+02:00,gruss-2,N/A,244.12,300.00
2026-05-20T23:47:39+02:00,gruss-2,N/A,246.66,300.00
2026-05-20T23:47:49+02:00,gruss-2,N/A,252.84,300.00
2026-05-20T23:48:00+02:00,gruss-2,N/A,249.37,300.00
2026-05-20T23:48:10+02:00,gruss-2,N/A,250.75,300.00
2026-05-20T23:48:20+02:00,gruss-2,N/A,250.98,300.00
2026-05-20T23:48:31+02:00,gruss-2,N/A,251.65,300.00
2026-05-20T23:48:42+02:00,gruss-2,N/A,252.17,300.00
2026-05-20T23:48:52+02:00,gruss-2,N/A,252.34,300.00
2026-05-20T23:49:03+02:00,gruss-2,N/A,252.49,300.00
2026-05-20T23:49:14+02:00,gruss-2,N/A,251.48,300.00
2026-05-20T23:49:24+02:00,gruss-2,N/A,252.25,300.00
2026-05-20T23:49:34+02:00,gruss-2,N/A,252.13,300.00
2026-05-20T23:49:45+02:00,gruss-2,N/A,252.68,300.00
2026-05-20T23:49:55+02:00,gruss-2,N/A,253.04,300.00
2026-05-20T23:50:05+02:00,gruss-2,N/A,252.23,300.00
2026-05-20T23:50:16+02:00,gruss-2,N/A,260.62,300.00
2026-05-20T23:50:26+02:00,gruss-2,N/A,253.41,300.00
2026-05-20T23:50:36+02:00,gruss-2,N/A,253.26,300.00
2026-05-20T23:50:47+02:00,gruss-2,N/A,252.70,300.00
2026-05-20T23:50:57+02:00,gruss-2,N/A,252.88,300.00
2026-05-20T23:51:07+02:00,gruss-2,N/A,252.51,300.00
2026-05-20T23:51:18+02:00,gruss-2,N/A,251.82,300.00
2026-05-20T23:51:28+02:00,gruss-2,N/A,253.67,300.00
2026-05-20T23:51:38+02:00,gruss-2,N/A,253.24,300.00
2026-05-20T23:51:49+02:00,gruss-2,N/A,253.80,300.00
2026-05-20T23:51:59+02:00,gruss-2,N/A,252.82,300.00
2026-05-20T23:52:09+02:00,gruss-2,N/A,253.49,300.00
2026-05-20T23:52:20+02:00,gruss-2,N/A,253.35,300.00
2026-05-20T23:52:30+02:00,gruss-2,N/A,254.29,300.00
2026-05-20T23:52:41+02:00,gruss-2,N/A,253.65,300.00
2026-05-20T23:52:51+02:00,gruss-2,N/A,252.80,300.00
2026-05-20T23:53:02+02:00,gruss-2,N/A,238.38,300.00
2026-05-20T23:53:12+02:00,gruss-2,N/A,252.52,300.00
2026-05-20T23:53:22+02:00,gruss-2,N/A,249.85,300.00
2026-05-20T23:53:33+02:00,gruss-2,N/A,252.97,300.00
2026-05-20T23:53:43+02:00,gruss-2,N/A,253.39,300.00
2026-05-20T23:53:53+02:00,gruss-2,N/A,252.95,300.00
2026-05-20T23:54:04+02:00,gruss-2,N/A,252.45,300.00
2026-05-20T23:54:14+02:00,gruss-2,N/A,256.40,300.00
2026-05-20T23:54:24+02:00,gruss-2,N/A,253.33,300.00
2026-05-20T23:54:35+02:00,gruss-2,N/A,252.94,300.00
2026-05-20T23:54:45+02:00,gruss-2,N/A,253.14,300.00
2026-05-20T23:54:56+02:00,gruss-2,N/A,252.52,300.00
2026-05-20T23:55:06+02:00,gruss-2,N/A,253.66,300.00
2026-05-20T23:55:17+02:00,gruss-2,N/A,249.42,300.00
2026-05-20T23:55:27+02:00,gruss-2,N/A,253.33,300.00
2026-05-20T23:55:37+02:00,gruss-2,N/A,246.45,300.00
2026-05-20T23:55:48+02:00,gruss-2,N/A,245.60,300.00
2026-05-20T23:55:58+02:00,gruss-2,N/A,252.50,300.00
2026-05-20T23:56:08+02:00,gruss-2,N/A,251.12,300.00
2026-05-20T23:56:19+02:00,gruss-2,N/A,246.11,300.00
2026-05-20T23:56:29+02:00,gruss-2,N/A,244.68,300.00
2026-05-20T23:56:39+02:00,gruss-2,N/A,250.69,300.00
2026-05-20T23:56:50+02:00,gruss-2,N/A,251.88,300.00
2026-05-20T23:57:00+02:00,gruss-2,N/A,251.59,300.00
2026-05-20T23:57:11+02:00,gruss-2,N/A,252.14,300.00
2026-05-20T23:57:21+02:00,gruss-2,N/A,252.75,300.00
2026-05-20T23:57:31+02:00,gruss-2,N/A,252.30,300.00
2026-05-20T23:57:42+02:00,gruss-2,N/A,252.77,300.00
2026-05-20T23:57:52+02:00,gruss-2,N/A,253.67,300.00
2026-05-20T23:58:02+02:00,gruss-2,N/A,252.89,300.00
2026-05-20T23:58:13+02:00,gruss-2,N/A,253.20,300.00
2026-05-20T23:58:24+02:00,gruss-2,N/A,253.43,300.00
2026-05-20T23:58:34+02:00,gruss-2,N/A,252.66,300.00
2026-05-20T23:58:45+02:00,gruss-2,N/A,254.10,300.00
2026-05-20T23:58:55+02:00,gruss-2,N/A,253.95,300.00
2026-05-20T23:59:06+02:00,gruss-2,N/A,252.74,300.00
2026-05-20T23:59:16+02:00,gruss-2,N/A,252.93,300.00
2026-05-20T23:59:27+02:00,gruss-2,N/A,253.18,300.00
2026-05-20T23:59:37+02:00,gruss-2,N/A,252.64,300.00
2026-05-20T23:59:47+02:00,gruss-2,N/A,253.16,300.00
2026-05-20T23:59:58+02:00,gruss-2,N/A,253.15,300.00
2026-05-21T00:00:08+02:00,gruss-2,N/A,253.06,300.00
2026-05-21T00:00:18+02:00,gruss-2,N/A,252.97,300.00
2026-05-21T00:00:29+02:00,gruss-2,N/A,251.49,300.00
2026-05-21T00:00:39+02:00,gruss-2,N/A,253.30,300.00
2026-05-21T00:00:49+02:00,gruss-2,N/A,252.86,300.00
2026-05-21T00:01:00+02:00,gruss-2,N/A,252.94,300.00
2026-05-21T00:01:10+02:00,gruss-2,N/A,253.25,300.00
2026-05-21T00:01:20+02:00,gruss-2,N/A,243.99,300.00
2026-05-21T00:01:31+02:00,gruss-2,N/A,253.01,300.00
2026-05-21T00:01:41+02:00,gruss-2,N/A,252.13,300.00
2026-05-21T00:01:51+02:00,gruss-2,N/A,251.02,300.00
2026-05-21T00:02:02+02:00,gruss-2,N/A,251.40,300.00
2026-05-21T00:02:12+02:00,gruss-2,N/A,250.64,300.00
2026-05-21T00:02:22+02:00,gruss-2,N/A,250.43,300.00
2026-05-21T00:02:33+02:00,gruss-2,N/A,250.67,300.00
2026-05-21T00:02:43+02:00,gruss-2,N/A,249.06,300.00
2026-05-21T00:02:53+02:00,gruss-2,N/A,249.25,300.00
2026-05-21T00:03:04+02:00,gruss-2,N/A,250.10,300.00
2026-05-21T00:03:15+02:00,gruss-2,N/A,248.30,300.00
2026-05-21T00:03:25+02:00,gruss-2,N/A,248.61,300.00
2026-05-21T00:03:35+02:00,gruss-2,N/A,248.61,300.00
2026-05-21T00:03:46+02:00,gruss-2,N/A,248.62,300.00
2026-05-21T00:03:56+02:00,gruss-2,N/A,247.77,300.00
2026-05-21T00:04:06+02:00,gruss-2,N/A,248.49,300.00
2026-05-21T00:04:17+02:00,gruss-2,N/A,248.23,300.00
2026-05-21T00:04:27+02:00,gruss-2,N/A,247.82,300.00
2026-05-21T00:04:37+02:00,gruss-2,N/A,246.90,300.00
2026-05-21T00:04:48+02:00,gruss-2,N/A,246.11,300.00
2026-05-21T00:04:58+02:00,gruss-2,N/A,247.14,300.00
2026-05-21T00:05:08+02:00,gruss-2,N/A,246.81,300.00
2026-05-21T00:05:19+02:00,gruss-2,N/A,247.42,300.00
2026-05-21T00:05:29+02:00,gruss-2,N/A,245.91,300.00
2026-05-21T00:05:39+02:00,gruss-2,N/A,247.21,300.00
2026-05-21T00:05:50+02:00,gruss-2,N/A,247.90,300.00
2026-05-21T00:06:00+02:00,gruss-2,N/A,246.91,300.00
2026-05-21T00:06:10+02:00,gruss-2,N/A,247.74,300.00
2026-05-21T00:06:21+02:00,gruss-2,N/A,247.29,300.00
2026-05-21T00:06:32+02:00,gruss-2,N/A,248.29,300.00
2026-05-21T00:06:42+02:00,gruss-2,N/A,247.50,300.00
2026-05-21T00:06:53+02:00,gruss-2,N/A,247.08,300.00
2026-05-21T00:07:03+02:00,gruss-2,N/A,247.83,300.00
2026-05-21T00:07:14+02:00,gruss-2,N/A,247.76,300.00
2026-05-21T00:07:24+02:00,gruss-2,N/A,247.31,300.00
2026-05-21T00:07:35+02:00,gruss-2,N/A,247.37,300.00
2026-05-21T00:07:45+02:00,gruss-2,N/A,246.79,300.00
2026-05-21T00:07:55+02:00,gruss-2,N/A,246.33,300.00
2026-05-21T00:08:06+02:00,gruss-2,N/A,246.15,300.00
2026-05-21T00:08:16+02:00,gruss-2,N/A,248.16,300.00
2026-05-21T00:08:26+02:00,gruss-2,N/A,247.80,300.00
2026-05-21T00:08:37+02:00,gruss-2,N/A,246.53,300.00
2026-05-21T00:08:47+02:00,gruss-2,N/A,247.64,300.00
2026-05-21T00:08:58+02:00,gruss-2,N/A,247.58,300.00
2026-05-21T00:09:08+02:00,gruss-2,N/A,117.61,300.00
2026-05-21T00:09:18+02:00,gruss-2,N/A,115.07,300.00
2026-05-21T00:09:29+02:00,gruss-2,N/A,113.65,300.00
2026-05-21T00:09:39+02:00,gruss-2,N/A,114.54,300.00
2026-05-21T00:09:49+02:00,gruss-2,N/A,261.25,300.00
2026-05-21T00:09:59+02:00,gruss-2,N/A,114.07,300.00
2026-05-21T00:10:10+02:00,gruss-2,N/A,292.54,300.00
2026-05-21T00:10:20+02:00,gruss-2,N/A,295.77,300.00
2026-05-21T00:10:30+02:00,gruss-2,N/A,297.90,300.00
2026-05-21T00:10:41+02:00,gruss-2,N/A,299.31,300.00
2026-05-21T00:10:51+02:00,gruss-2,N/A,298.54,300.00
2026-05-21T00:11:02+02:00,gruss-2,N/A,299.67,300.00
2026-05-21T00:11:12+02:00,gruss-2,N/A,298.85,300.00
2026-05-21T00:11:22+02:00,gruss-2,N/A,299.07,300.00
2026-05-21T00:11:33+02:00,gruss-2,N/A,298.66,300.00
2026-05-21T00:11:43+02:00,gruss-2,N/A,299.78,300.00
2026-05-21T00:11:53+02:00,gruss-2,N/A,299.18,300.00
2026-05-21T00:12:04+02:00,gruss-2,N/A,299.67,300.00
2026-05-21T00:12:14+02:00,gruss-2,N/A,299.37,300.00
2026-05-21T00:12:24+02:00,gruss-2,N/A,299.62,300.00
2026-05-21T00:12:35+02:00,gruss-2,N/A,299.70,300.00
2026-05-21T00:12:45+02:00,gruss-2,N/A,298.70,300.00
2026-05-21T00:12:55+02:00,gruss-2,N/A,298.60,300.00
2026-05-21T00:13:06+02:00,gruss-2,N/A,299.12,300.00
2026-05-21T00:13:17+02:00,gruss-2,N/A,299.51,300.00
2026-05-21T00:13:27+02:00,gruss-2,N/A,299.23,300.00
2026-05-21T00:13:37+02:00,gruss-2,N/A,298.72,300.00
2026-05-21T00:13:48+02:00,gruss-2,N/A,299.26,300.00
2026-05-21T00:13:58+02:00,gruss-2,N/A,298.95,300.00
2026-05-21T00:14:08+02:00,gruss-2,N/A,298.86,300.00
2026-05-21T00:14:19+02:00,gruss-2,N/A,299.42,300.00
2026-05-21T00:14:29+02:00,gruss-2,N/A,299.15,300.00
2026-05-21T00:14:39+02:00,gruss-2,N/A,299.45,300.00
2026-05-21T00:14:50+02:00,gruss-2,N/A,299.21,300.00
2026-05-21T00:15:01+02:00,gruss-2,N/A,299.71,300.00
2026-05-21T00:15:11+02:00,gruss-2,N/A,298.77,300.00
2026-05-21T00:15:21+02:00,gruss-2,N/A,298.39,300.00
2026-05-21T00:15:32+02:00,gruss-2,N/A,299.04,300.00
2026-05-21T00:15:42+02:00,gruss-2,N/A,298.78,300.00
2026-05-21T00:15:52+02:00,gruss-2,N/A,299.83,300.00
2026-05-21T00:16:03+02:00,gruss-2,N/A,299.37,300.00
2026-05-21T00:16:13+02:00,gruss-2,N/A,299.19,300.00
2026-05-21T00:16:24+02:00,gruss-2,N/A,299.47,300.00
2026-05-21T00:16:34+02:00,gruss-2,N/A,298.94,300.00
2026-05-21T00:16:44+02:00,gruss-2,N/A,299.18,300.00
2026-05-21T00:16:55+02:00,gruss-2,N/A,298.79,300.00
2026-05-21T00:17:05+02:00,gruss-2,N/A,298.07,300.00
2026-05-21T00:17:15+02:00,gruss-2,N/A,300.11,300.00
2026-05-21T00:17:26+02:00,gruss-2,N/A,298.73,300.00
2026-05-21T00:17:36+02:00,gruss-2,N/A,298.53,300.00
2026-05-21T00:17:46+02:00,gruss-2,N/A,298.77,300.00
2026-05-21T00:17:57+02:00,gruss-2,N/A,299.36,300.00
2026-05-21T00:18:07+02:00,gruss-2,N/A,299.08,300.00
2026-05-21T00:18:17+02:00,gruss-2,N/A,298.91,300.00
2026-05-21T00:18:28+02:00,gruss-2,N/A,298.99,300.00
2026-05-21T00:18:38+02:00,gruss-2,N/A,298.66,300.00
2026-05-21T00:18:48+02:00,gruss-2,N/A,298.63,300.00
2026-05-21T00:18:59+02:00,gruss-2,N/A,298.25,300.00
2026-05-21T00:19:09+02:00,gruss-2,N/A,298.23,300.00
2026-05-21T00:19:20+02:00,gruss-2,N/A,298.75,300.00
2026-05-21T00:19:30+02:00,gruss-2,N/A,298.20,300.00
2026-05-21T00:19:41+02:00,gruss-2,N/A,298.77,300.00
2026-05-21T00:19:51+02:00,gruss-2,N/A,299.58,300.00
2026-05-21T00:20:01+02:00,gruss-2,N/A,299.08,300.00
2026-05-21T00:20:12+02:00,gruss-2,N/A,298.46,300.00
2026-05-21T00:20:22+02:00,gruss-2,N/A,299.31,300.00
2026-05-21T00:20:32+02:00,gruss-2,N/A,299.30,300.00
2026-05-21T00:20:43+02:00,gruss-2,N/A,298.77,300.00
2026-05-21T00:20:53+02:00,gruss-2,N/A,299.79,300.00
2026-05-21T00:21:03+02:00,gruss-2,N/A,299.32,300.00
2026-05-21T00:21:14+02:00,gruss-2,N/A,299.08,300.00
2026-05-21T00:21:24+02:00,gruss-2,N/A,299.49,300.00
2026-05-21T00:21:35+02:00,gruss-2,N/A,299.31,300.00
2026-05-21T00:21:45+02:00,gruss-2,N/A,299.67,300.00
2026-05-21T00:21:55+02:00,gruss-2,N/A,299.15,300.00
2026-05-21T00:22:06+02:00,gruss-2,N/A,298.36,300.00
2026-05-21T00:22:16+02:00,gruss-2,N/A,298.57,300.00
2026-05-21T00:22:27+02:00,gruss-2,N/A,298.62,300.00
2026-05-21T00:22:37+02:00,gruss-2,N/A,299.09,300.00
2026-05-21T00:22:47+02:00,gruss-2,N/A,298.92,300.00
2026-05-21T00:22:58+02:00,gruss-2,N/A,299.34,300.00
2026-05-21T00:23:08+02:00,gruss-2,N/A,299.52,300.00
2026-05-21T00:23:18+02:00,gruss-2,N/A,299.76,300.00
2026-05-21T00:23:29+02:00,gruss-2,N/A,299.61,300.00
2026-05-21T00:23:39+02:00,gruss-2,N/A,299.81,300.00
2026-05-21T00:23:50+02:00,gruss-2,N/A,300.23,300.00
2026-05-21T00:24:00+02:00,gruss-2,N/A,298.58,300.00
2026-05-21T00:24:11+02:00,gruss-2,N/A,299.64,300.00
2026-05-21T00:24:21+02:00,gruss-2,N/A,299.77,300.00
2026-05-21T00:24:31+02:00,gruss-2,N/A,299.52,300.00
2026-05-21T00:24:42+02:00,gruss-2,N/A,298.93,300.00
2026-05-21T00:24:52+02:00,gruss-2,N/A,299.91,300.00
2026-05-21T00:25:03+02:00,gruss-2,N/A,299.01,300.00
2026-05-21T00:25:13+02:00,gruss-2,N/A,298.86,300.00
2026-05-21T00:25:24+02:00,gruss-2,N/A,299.41,300.00
2026-05-21T00:25:34+02:00,gruss-2,N/A,299.53,300.00
2026-05-21T00:25:44+02:00,gruss-2,N/A,298.69,300.00
2026-05-21T00:25:55+02:00,gruss-2,N/A,298.87,300.00
2026-05-21T00:26:05+02:00,gruss-2,N/A,299.09,300.00
2026-05-21T00:26:15+02:00,gruss-2,N/A,298.62,300.00
2026-05-21T00:26:26+02:00,gruss-2,N/A,298.69,300.00
2026-05-21T00:26:36+02:00,gruss-2,N/A,298.93,300.00
2026-05-21T00:26:46+02:00,gruss-2,N/A,298.31,300.00
2026-05-21T00:26:57+02:00,gruss-2,N/A,298.71,300.00
2026-05-21T00:27:07+02:00,gruss-2,N/A,298.42,300.00
2026-05-21T00:27:17+02:00,gruss-2,N/A,299.26,300.00
2026-05-21T00:27:28+02:00,gruss-2,N/A,298.77,300.00
2026-05-21T00:27:38+02:00,gruss-2,N/A,299.10,300.00
2026-05-21T00:27:48+02:00,gruss-2,N/A,299.25,300.00
2026-05-21T00:27:59+02:00,gruss-2,N/A,299.24,300.00
2026-05-21T00:28:09+02:00,gruss-2,N/A,299.22,300.00
2026-05-21T00:28:19+02:00,gruss-2,N/A,299.14,300.00
2026-05-21T00:28:30+02:00,gruss-2,N/A,299.84,300.00
2026-05-21T00:28:40+02:00,gruss-2,N/A,299.15,300.00
2026-05-21T00:28:50+02:00,gruss-2,N/A,299.61,300.00
2026-05-21T00:29:01+02:00,gruss-2,N/A,299.10,300.00
2026-05-21T00:29:11+02:00,gruss-2,N/A,299.92,300.00
2026-05-21T00:29:21+02:00,gruss-2,N/A,299.51,300.00
2026-05-21T00:29:32+02:00,gruss-2,N/A,299.24,300.00
2026-05-21T00:29:42+02:00,gruss-2,N/A,299.54,300.00
2026-05-21T00:29:52+02:00,gruss-2,N/A,299.65,300.00
2026-05-21T00:30:03+02:00,gruss-2,N/A,299.44,300.00
2026-05-21T00:30:13+02:00,gruss-2,N/A,299.52,300.00
2026-05-21T00:30:23+02:00,gruss-2,N/A,299.67,300.00
2026-05-21T00:30:34+02:00,gruss-2,N/A,299.00,300.00
2026-05-21T00:30:44+02:00,gruss-2,N/A,298.90,300.00
2026-05-21T00:30:54+02:00,gruss-2,N/A,298.93,300.00
2026-05-21T00:31:05+02:00,gruss-2,N/A,300.19,300.00
2026-05-21T00:31:16+02:00,gruss-2,N/A,299.36,300.00
2026-05-21T00:31:26+02:00,gruss-2,N/A,299.39,300.00
2026-05-21T00:31:36+02:00,gruss-2,N/A,299.59,300.00
2026-05-21T00:31:47+02:00,gruss-2,N/A,299.01,300.00
2026-05-21T00:31:57+02:00,gruss-2,N/A,298.86,300.00
2026-05-21T00:32:07+02:00,gruss-2,N/A,300.01,300.00
2026-05-21T00:32:18+02:00,gruss-2,N/A,298.90,300.00
2026-05-21T00:32:28+02:00,gruss-2,N/A,298.85,300.00
2026-05-21T00:32:38+02:00,gruss-2,N/A,299.20,300.00
2026-05-21T00:32:49+02:00,gruss-2,N/A,299.93,300.00
2026-05-21T00:32:59+02:00,gruss-2,N/A,299.51,300.00
2026-05-21T00:33:09+02:00,gruss-2,N/A,299.16,300.00
2026-05-21T00:33:20+02:00,gruss-2,N/A,298.91,300.00
2026-05-21T00:33:30+02:00,gruss-2,N/A,298.67,300.00
2026-05-21T00:33:40+02:00,gruss-2,N/A,299.61,300.00
2026-05-21T00:33:51+02:00,gruss-2,N/A,298.78,300.00
2026-05-21T00:34:01+02:00,gruss-2,N/A,299.46,300.00
2026-05-21T00:34:11+02:00,gruss-2,N/A,299.72,300.00
2026-05-21T00:34:22+02:00,gruss-2,N/A,299.10,300.00
2026-05-21T00:34:32+02:00,gruss-2,N/A,298.89,300.00
2026-05-21T00:34:42+02:00,gruss-2,N/A,299.39,300.00
2026-05-21T00:34:53+02:00,gruss-2,N/A,299.06,300.00
2026-05-21T00:35:03+02:00,gruss-2,N/A,298.66,300.00
2026-05-21T00:35:13+02:00,gruss-2,N/A,299.10,300.00
2026-05-21T00:35:24+02:00,gruss-2,N/A,299.53,300.00
2026-05-21T00:35:34+02:00,gruss-2,N/A,299.20,300.00
2026-05-21T00:35:44+02:00,gruss-2,N/A,299.78,300.00
2026-05-21T00:35:55+02:00,gruss-2,N/A,298.99,300.00
2026-05-21T00:36:05+02:00,gruss-2,N/A,299.80,300.00
2026-05-21T00:36:15+02:00,gruss-2,N/A,299.21,300.00
2026-05-21T00:36:26+02:00,gruss-2,N/A,299.06,300.00
2026-05-21T00:36:36+02:00,gruss-2,N/A,298.78,300.00
2026-05-21T00:36:46+02:00,gruss-2,N/A,298.99,300.00
2026-05-21T00:36:57+02:00,gruss-2,N/A,298.54,300.00
2026-05-21T00:37:07+02:00,gruss-2,N/A,298.26,300.00
2026-05-21T00:37:17+02:00,gruss-2,N/A,299.18,300.00
2026-05-21T00:37:28+02:00,gruss-2,N/A,299.04,300.00
2026-05-21T00:37:39+02:00,gruss-2,N/A,298.97,300.00
2026-05-21T00:37:49+02:00,gruss-2,N/A,299.41,300.00
2026-05-21T00:37:59+02:00,gruss-2,N/A,300.05,300.00
2026-05-21T00:38:10+02:00,gruss-2,N/A,299.18,300.00
2026-05-21T00:38:20+02:00,gruss-2,N/A,298.60,300.00
2026-05-21T00:38:31+02:00,gruss-2,N/A,299.14,300.00
2026-05-21T00:38:41+02:00,gruss-2,N/A,298.86,300.00
2026-05-21T00:38:51+02:00,gruss-2,N/A,298.55,300.00
2026-05-21T00:39:02+02:00,gruss-2,N/A,298.54,300.00
2026-05-21T00:39:12+02:00,gruss-2,N/A,298.73,300.00
2026-05-21T00:39:22+02:00,gruss-2,N/A,297.80,300.00
2026-05-21T00:39:33+02:00,gruss-2,N/A,298.79,300.00
2026-05-21T00:39:43+02:00,gruss-2,N/A,298.85,300.00
2026-05-21T00:39:54+02:00,gruss-2,N/A,298.95,300.00
2026-05-21T00:40:04+02:00,gruss-2,N/A,299.17,300.00
2026-05-21T00:40:14+02:00,gruss-2,N/A,299.04,300.00
2026-05-21T00:40:25+02:00,gruss-2,N/A,299.69,300.00
2026-05-21T00:40:35+02:00,gruss-2,N/A,299.30,300.00
2026-05-21T00:40:46+02:00,gruss-2,N/A,298.68,300.00
2026-05-21T00:40:56+02:00,gruss-2,N/A,298.82,300.00
2026-05-21T00:41:07+02:00,gruss-2,N/A,298.63,300.00
2026-05-21T00:41:17+02:00,gruss-2,N/A,299.08,300.00
2026-05-21T00:41:27+02:00,gruss-2,N/A,299.85,300.00
2026-05-21T00:41:38+02:00,gruss-2,N/A,299.36,300.00
2026-05-21T00:41:48+02:00,gruss-2,N/A,298.42,300.00
2026-05-21T00:41:59+02:00,gruss-2,N/A,298.96,300.00
2026-05-21T00:42:09+02:00,gruss-2,N/A,299.08,300.00
2026-05-21T00:42:20+02:00,gruss-2,N/A,299.01,300.00
2026-05-21T00:42:30+02:00,gruss-2,N/A,299.60,300.00
2026-05-21T00:42:40+02:00,gruss-2,N/A,299.30,300.00
2026-05-21T00:42:51+02:00,gruss-2,N/A,298.61,300.00
2026-05-21T00:43:01+02:00,gruss-2,N/A,299.30,300.00
2026-05-21T00:43:11+02:00,gruss-2,N/A,299.00,300.00
2026-05-21T00:43:22+02:00,gruss-2,N/A,299.13,300.00
2026-05-21T00:43:32+02:00,gruss-2,N/A,297.75,300.00
2026-05-21T00:43:43+02:00,gruss-2,N/A,298.97,300.00
2026-05-21T00:43:53+02:00,gruss-2,N/A,299.46,300.00
2026-05-21T00:44:03+02:00,gruss-2,N/A,298.50,300.00
2026-05-21T00:44:14+02:00,gruss-2,N/A,298.40,300.00
2026-05-21T00:44:24+02:00,gruss-2,N/A,299.98,300.00
2026-05-21T00:44:35+02:00,gruss-2,N/A,298.78,300.00
2026-05-21T00:44:45+02:00,gruss-2,N/A,298.59,300.00
2026-05-21T00:44:55+02:00,gruss-2,N/A,298.88,300.00
2026-05-21T00:45:06+02:00,gruss-2,N/A,298.82,300.00
2026-05-21T00:45:16+02:00,gruss-2,N/A,298.75,300.00
2026-05-21T00:45:27+02:00,gruss-2,N/A,298.86,300.00
2026-05-21T00:45:37+02:00,gruss-2,N/A,298.84,300.00
2026-05-21T00:45:47+02:00,gruss-2,N/A,298.99,300.00
2026-05-21T00:45:58+02:00,gruss-2,N/A,299.22,300.00
2026-05-21T00:46:08+02:00,gruss-2,N/A,298.47,300.00
2026-05-21T00:46:18+02:00,gruss-2,N/A,299.32,300.00
2026-05-21T00:46:29+02:00,gruss-2,N/A,298.55,300.00
2026-05-21T00:46:39+02:00,gruss-2,N/A,299.06,300.00
2026-05-21T00:46:49+02:00,gruss-2,N/A,299.35,300.00
2026-05-21T00:47:00+02:00,gruss-2,N/A,299.67,300.00
2026-05-21T00:47:10+02:00,gruss-2,N/A,298.49,300.00
2026-05-21T00:47:21+02:00,gruss-2,N/A,300.22,300.00
2026-05-21T00:47:31+02:00,gruss-2,N/A,298.90,300.00
2026-05-21T00:47:42+02:00,gruss-2,N/A,299.45,300.00
2026-05-21T00:47:52+02:00,gruss-2,N/A,299.39,300.00
2026-05-21T00:48:02+02:00,gruss-2,N/A,299.64,300.00
2026-05-21T00:48:13+02:00,gruss-2,N/A,298.14,300.00
2026-05-21T00:48:23+02:00,gruss-2,N/A,299.42,300.00
2026-05-21T00:48:33+02:00,gruss-2,N/A,299.91,300.00
2026-05-21T00:48:44+02:00,gruss-2,N/A,298.94,300.00
2026-05-21T00:48:54+02:00,gruss-2,N/A,299.51,300.00
2026-05-21T00:49:04+02:00,gruss-2,N/A,299.16,300.00
2026-05-21T00:49:15+02:00,gruss-2,N/A,298.45,300.00
2026-05-21T00:49:25+02:00,gruss-2,N/A,299.26,300.00
2026-05-21T00:49:36+02:00,gruss-2,N/A,298.74,300.00
2026-05-21T00:49:46+02:00,gruss-2,N/A,299.57,300.00
2026-05-21T00:49:56+02:00,gruss-2,N/A,298.99,300.00
2026-05-21T00:50:07+02:00,gruss-2,N/A,300.10,300.00
2026-05-21T00:50:17+02:00,gruss-2,N/A,298.62,300.00
2026-05-21T00:50:28+02:00,gruss-2,N/A,299.56,300.00
2026-05-21T00:50:38+02:00,gruss-2,N/A,298.72,300.00
2026-05-21T00:50:48+02:00,gruss-2,N/A,298.51,300.00
2026-05-21T00:50:59+02:00,gruss-2,N/A,298.94,300.00
2026-05-21T00:51:10+02:00,gruss-2,N/A,298.30,300.00
2026-05-21T00:51:20+02:00,gruss-2,N/A,299.26,300.00
2026-05-21T00:51:30+02:00,gruss-2,N/A,299.51,300.00
2026-05-21T00:51:41+02:00,gruss-2,N/A,299.18,300.00
2026-05-21T00:51:51+02:00,gruss-2,N/A,298.82,300.00
2026-05-21T00:52:01+02:00,gruss-2,N/A,299.25,300.00
2026-05-21T00:52:12+02:00,gruss-2,N/A,297.98,300.00
2026-05-21T00:52:22+02:00,gruss-2,N/A,299.59,300.00
2026-05-21T00:52:33+02:00,gruss-2,N/A,298.93,300.00
2026-05-21T00:52:43+02:00,gruss-2,N/A,297.65,300.00
2026-05-21T00:52:53+02:00,gruss-2,N/A,299.76,300.00
2026-05-21T00:53:04+02:00,gruss-2,N/A,298.78,300.00
2026-05-21T00:53:14+02:00,gruss-2,N/A,298.77,300.00
2026-05-21T00:53:24+02:00,gruss-2,N/A,299.70,300.00
2026-05-21T00:53:35+02:00,gruss-2,N/A,298.48,300.00
2026-05-21T00:53:45+02:00,gruss-2,N/A,299.36,300.00
2026-05-21T00:53:56+02:00,gruss-2,N/A,299.08,300.00
2026-05-21T00:54:06+02:00,gruss-2,N/A,299.13,300.00
2026-05-21T00:54:17+02:00,gruss-2,N/A,300.46,300.00
2026-05-21T00:54:27+02:00,gruss-2,N/A,299.27,300.00
2026-05-21T00:54:38+02:00,gruss-2,N/A,298.70,300.00
2026-05-21T00:54:48+02:00,gruss-2,N/A,298.78,300.00
2026-05-21T00:54:59+02:00,gruss-2,N/A,299.14,300.00
2026-05-21T00:55:09+02:00,gruss-2,N/A,299.15,300.00
2026-05-21T00:55:19+02:00,gruss-2,N/A,298.85,300.00
2026-05-21T00:55:30+02:00,gruss-2,N/A,299.33,300.00
2026-05-21T00:55:40+02:00,gruss-2,N/A,299.18,300.00
2026-05-21T00:55:51+02:00,gruss-2,N/A,299.39,300.00
2026-05-21T00:56:01+02:00,gruss-2,N/A,298.38,300.00
2026-05-21T00:56:11+02:00,gruss-2,N/A,299.31,300.00
2026-05-21T00:56:22+02:00,gruss-2,N/A,298.55,300.00
2026-05-21T00:56:32+02:00,gruss-2,N/A,299.20,300.00
2026-05-21T00:56:42+02:00,gruss-2,N/A,298.84,300.00
2026-05-21T00:56:53+02:00,gruss-2,N/A,298.76,300.00
2026-05-21T00:57:03+02:00,gruss-2,N/A,226.32,300.00
2026-05-21T00:57:13+02:00,gruss-2,N/A,117.39,300.00
2026-05-21T00:57:24+02:00,gruss-2,N/A,114.72,300.00
2026-05-21T00:57:34+02:00,gruss-2,N/A,111.93,300.00
2026-05-21T00:57:46+02:00,gruss-2,N/A,202.38,300.00
2026-05-21T00:57:57+02:00,gruss-2,N/A,204.43,300.00
2026-05-21T00:58:07+02:00,gruss-2,N/A,213.26,300.00
2026-05-21T00:58:18+02:00,gruss-2,N/A,208.40,300.00
2026-05-21T00:58:28+02:00,gruss-2,N/A,208.69,300.00
2026-05-21T00:58:39+02:00,gruss-2,N/A,209.53,300.00
2026-05-21T00:58:49+02:00,gruss-2,N/A,210.62,300.00
2026-05-21T00:58:59+02:00,gruss-2,N/A,209.68,300.00
2026-05-21T00:59:10+02:00,gruss-2,N/A,211.59,300.00
2026-05-21T00:59:20+02:00,gruss-2,N/A,212.50,300.00
2026-05-21T00:59:31+02:00,gruss-2,N/A,213.66,300.00
2026-05-21T00:59:41+02:00,gruss-2,N/A,213.09,300.00
2026-05-21T00:59:51+02:00,gruss-2,N/A,213.63,300.00
2026-05-21T01:00:02+02:00,gruss-2,N/A,218.19,300.00
2026-05-21T01:00:12+02:00,gruss-2,N/A,214.98,300.00
2026-05-21T01:00:22+02:00,gruss-2,N/A,218.06,300.00
2026-05-21T01:00:33+02:00,gruss-2,N/A,216.90,300.00
2026-05-21T01:00:43+02:00,gruss-2,N/A,219.26,300.00
2026-05-21T01:00:54+02:00,gruss-2,N/A,220.84,300.00
2026-05-21T01:01:04+02:00,gruss-2,N/A,221.65,300.00
2026-05-21T01:01:15+02:00,gruss-2,N/A,222.14,300.00
2026-05-21T01:01:25+02:00,gruss-2,N/A,222.16,300.00
2026-05-21T01:01:35+02:00,gruss-2,N/A,221.99,300.00
2026-05-21T01:01:46+02:00,gruss-2,N/A,221.38,300.00
2026-05-21T01:01:56+02:00,gruss-2,N/A,222.71,300.00
2026-05-21T01:02:06+02:00,gruss-2,N/A,222.59,300.00
2026-05-21T01:02:17+02:00,gruss-2,N/A,222.38,300.00
2026-05-21T01:02:27+02:00,gruss-2,N/A,223.26,300.00
2026-05-21T01:02:37+02:00,gruss-2,N/A,222.73,300.00
2026-05-21T01:02:48+02:00,gruss-2,N/A,224.23,300.00
2026-05-21T01:02:58+02:00,gruss-2,N/A,224.28,300.00
2026-05-21T01:03:08+02:00,gruss-2,N/A,222.00,300.00
2026-05-21T01:03:19+02:00,gruss-2,N/A,223.39,300.00
2026-05-21T01:03:29+02:00,gruss-2,N/A,221.01,300.00
2026-05-21T01:03:40+02:00,gruss-2,N/A,223.12,300.00
2026-05-21T01:03:50+02:00,gruss-2,N/A,224.68,300.00
2026-05-21T01:04:01+02:00,gruss-2,N/A,224.30,300.00
2026-05-21T01:04:11+02:00,gruss-2,N/A,222.89,300.00
2026-05-21T01:04:21+02:00,gruss-2,N/A,223.01,300.00
2026-05-21T01:04:32+02:00,gruss-2,N/A,224.03,300.00
2026-05-21T01:04:42+02:00,gruss-2,N/A,224.67,300.00
2026-05-21T01:04:52+02:00,gruss-2,N/A,223.78,300.00
2026-05-21T01:05:03+02:00,gruss-2,N/A,220.61,300.00
2026-05-21T01:05:13+02:00,gruss-2,N/A,224.04,300.00
2026-05-21T01:05:23+02:00,gruss-2,N/A,224.13,300.00
2026-05-21T01:05:34+02:00,gruss-2,N/A,223.17,300.00
2026-05-21T01:05:44+02:00,gruss-2,N/A,221.57,300.00
2026-05-21T01:05:55+02:00,gruss-2,N/A,221.07,300.00
2026-05-21T01:06:05+02:00,gruss-2,N/A,222.04,300.00
2026-05-21T01:06:15+02:00,gruss-2,N/A,223.84,300.00
2026-05-21T01:06:26+02:00,gruss-2,N/A,222.92,300.00
2026-05-21T01:06:36+02:00,gruss-2,N/A,223.64,300.00
2026-05-21T01:06:46+02:00,gruss-2,N/A,225.04,300.00
2026-05-21T01:06:57+02:00,gruss-2,N/A,224.62,300.00
2026-05-21T01:07:07+02:00,gruss-2,N/A,223.36,300.00
2026-05-21T01:07:17+02:00,gruss-2,N/A,220.11,300.00
2026-05-21T01:07:28+02:00,gruss-2,N/A,224.46,300.00
2026-05-21T01:07:38+02:00,gruss-2,N/A,228.33,300.00
2026-05-21T01:07:48+02:00,gruss-2,N/A,228.63,300.00
2026-05-21T01:07:59+02:00,gruss-2,N/A,221.52,300.00
2026-05-21T01:08:10+02:00,gruss-2,N/A,224.63,300.00
2026-05-21T01:08:20+02:00,gruss-2,N/A,225.06,300.00
2026-05-21T01:08:30+02:00,gruss-2,N/A,224.10,300.00
2026-05-21T01:08:41+02:00,gruss-2,N/A,225.23,300.00
2026-05-21T01:08:51+02:00,gruss-2,N/A,230.61,300.00
2026-05-21T01:09:01+02:00,gruss-2,N/A,224.56,300.00
2026-05-21T01:09:12+02:00,gruss-2,N/A,224.35,300.00
2026-05-21T01:09:22+02:00,gruss-2,N/A,225.43,300.00
2026-05-21T01:09:32+02:00,gruss-2,N/A,224.18,300.00
2026-05-21T01:09:43+02:00,gruss-2,N/A,225.59,300.00
2026-05-21T01:09:53+02:00,gruss-2,N/A,222.17,300.00
2026-05-21T01:10:03+02:00,gruss-2,N/A,224.18,300.00
2026-05-21T01:10:14+02:00,gruss-2,N/A,224.43,300.00
2026-05-21T01:10:24+02:00,gruss-2,N/A,224.43,300.00
2026-05-21T01:10:34+02:00,gruss-2,N/A,222.63,300.00
2026-05-21T01:10:45+02:00,gruss-2,N/A,221.72,300.00
2026-05-21T01:10:55+02:00,gruss-2,N/A,223.19,300.00
2026-05-21T01:11:05+02:00,gruss-2,N/A,222.65,300.00
2026-05-21T01:11:16+02:00,gruss-2,N/A,222.99,300.00
2026-05-21T01:11:26+02:00,gruss-2,N/A,224.03,300.00
2026-05-21T01:11:36+02:00,gruss-2,N/A,223.91,300.00
2026-05-21T01:11:47+02:00,gruss-2,N/A,224.20,300.00
2026-05-21T01:11:57+02:00,gruss-2,N/A,223.57,300.00
2026-05-21T01:12:07+02:00,gruss-2,N/A,223.09,300.00
2026-05-21T01:12:18+02:00,gruss-2,N/A,224.34,300.00
2026-05-21T01:12:28+02:00,gruss-2,N/A,224.03,300.00
2026-05-21T01:12:38+02:00,gruss-2,N/A,224.01,300.00
2026-05-21T01:12:49+02:00,gruss-2,N/A,222.91,300.00
2026-05-21T01:12:59+02:00,gruss-2,N/A,222.17,300.00
2026-05-21T01:13:09+02:00,gruss-2,N/A,223.91,300.00
2026-05-21T01:13:20+02:00,gruss-2,N/A,225.33,300.00
2026-05-21T01:13:30+02:00,gruss-2,N/A,223.75,300.00
2026-05-21T01:13:41+02:00,gruss-2,N/A,223.36,300.00
2026-05-21T01:13:51+02:00,gruss-2,N/A,220.91,300.00
2026-05-21T01:14:01+02:00,gruss-2,N/A,224.12,300.00
2026-05-21T01:14:12+02:00,gruss-2,N/A,221.80,300.00
2026-05-21T01:14:22+02:00,gruss-2,N/A,222.57,300.00
2026-05-21T01:14:32+02:00,gruss-2,N/A,222.90,300.00
2026-05-21T01:14:43+02:00,gruss-2,N/A,222.22,300.00
2026-05-21T01:14:53+02:00,gruss-2,N/A,221.96,300.00
2026-05-21T01:15:04+02:00,gruss-2,N/A,221.95,300.00
2026-05-21T01:15:14+02:00,gruss-2,N/A,224.28,300.00
2026-05-21T01:15:24+02:00,gruss-2,N/A,223.36,300.00
2026-05-21T01:15:35+02:00,gruss-2,N/A,223.82,300.00
2026-05-21T01:15:45+02:00,gruss-2,N/A,223.49,300.00
2026-05-21T01:15:56+02:00,gruss-2,N/A,224.09,300.00
2026-05-21T01:16:06+02:00,gruss-2,N/A,220.32,300.00
2026-05-21T01:16:16+02:00,gruss-2,N/A,126.33,300.00
2026-05-21T01:16:27+02:00,gruss-2,N/A,123.41,300.00
2026-05-21T01:16:37+02:00,gruss-2,N/A,120.33,300.00
2026-05-21T01:16:47+02:00,gruss-2,N/A,119.49,300.00
2026-05-21T01:16:58+02:00,gruss-2,N/A,118.46,300.00
2026-05-21T01:17:08+02:00,gruss-2,N/A,117.74,300.00
2026-05-21T01:17:19+02:00,gruss-2,N/A,116.89,300.00
2026-05-21T01:17:30+02:00,gruss-2,N/A,117.10,300.00
2026-05-21T01:17:40+02:00,gruss-2,N/A,115.78,300.00
2026-05-21T01:17:50+02:00,gruss-2,N/A,138.34,300.00
2026-05-21T01:18:01+02:00,gruss-2,N/A,115.41,300.00
2026-05-21T01:18:11+02:00,gruss-2,N/A,114.96,300.00
2026-05-21T01:18:22+02:00,gruss-2,N/A,115.03,300.00
2026-05-21T01:18:32+02:00,gruss-2,N/A,226.48,300.00
2026-05-21T01:18:42+02:00,gruss-2,N/A,285.43,300.00
2026-05-21T01:18:52+02:00,gruss-2,N/A,294.56,300.00
2026-05-21T01:19:03+02:00,gruss-2,N/A,298.52,300.00
2026-05-21T01:19:13+02:00,gruss-2,N/A,299.02,300.00
2026-05-21T01:19:24+02:00,gruss-2,N/A,299.53,300.00
2026-05-21T01:19:34+02:00,gruss-2,N/A,299.14,300.00
2026-05-21T01:19:44+02:00,gruss-2,N/A,298.49,300.00
2026-05-21T01:19:55+02:00,gruss-2,N/A,299.13,300.00
2026-05-21T01:20:05+02:00,gruss-2,N/A,298.98,300.00
2026-05-21T01:20:16+02:00,gruss-2,N/A,299.90,300.00
2026-05-21T01:20:26+02:00,gruss-2,N/A,299.31,300.00
2026-05-21T01:20:36+02:00,gruss-2,N/A,298.89,300.00
2026-05-21T01:20:47+02:00,gruss-2,N/A,298.72,300.00
2026-05-21T01:20:57+02:00,gruss-2,N/A,298.66,300.00
2026-05-21T01:21:07+02:00,gruss-2,N/A,299.21,300.00
2026-05-21T01:21:18+02:00,gruss-2,N/A,299.39,300.00
2026-05-21T01:21:28+02:00,gruss-2,N/A,299.24,300.00
2026-05-21T01:21:38+02:00,gruss-2,N/A,299.44,300.00
2026-05-21T01:21:49+02:00,gruss-2,N/A,299.01,300.00
2026-05-21T01:21:59+02:00,gruss-2,N/A,299.43,300.00
2026-05-21T01:22:10+02:00,gruss-2,N/A,298.74,300.00
2026-05-21T01:22:20+02:00,gruss-2,N/A,299.01,300.00
2026-05-21T01:22:31+02:00,gruss-2,N/A,299.27,300.00
2026-05-21T01:22:41+02:00,gruss-2,N/A,299.21,300.00
2026-05-21T01:22:51+02:00,gruss-2,N/A,299.01,300.00
2026-05-21T01:23:02+02:00,gruss-2,N/A,300.15,300.00
2026-05-21T01:23:12+02:00,gruss-2,N/A,299.06,300.00
2026-05-21T01:23:22+02:00,gruss-2,N/A,299.21,300.00
2026-05-21T01:23:33+02:00,gruss-2,N/A,298.40,300.00
2026-05-21T01:23:43+02:00,gruss-2,N/A,298.85,300.00
2026-05-21T01:23:53+02:00,gruss-2,N/A,298.35,300.00
2026-05-21T01:24:04+02:00,gruss-2,N/A,298.62,300.00
2026-05-21T01:24:14+02:00,gruss-2,N/A,299.18,300.00
2026-05-21T01:24:24+02:00,gruss-2,N/A,298.06,300.00
2026-05-21T01:24:35+02:00,gruss-2,N/A,298.79,300.00
2026-05-21T01:24:45+02:00,gruss-2,N/A,298.29,300.00
2026-05-21T01:24:55+02:00,gruss-2,N/A,299.15,300.00
2026-05-21T01:25:06+02:00,gruss-2,N/A,298.92,300.00
2026-05-21T01:25:16+02:00,gruss-2,N/A,298.48,300.00
2026-05-21T01:25:26+02:00,gruss-2,N/A,298.36,300.00
2026-05-21T01:25:37+02:00,gruss-2,N/A,298.55,300.00
2026-05-21T01:25:47+02:00,gruss-2,N/A,298.73,300.00
2026-05-21T01:25:58+02:00,gruss-2,N/A,298.58,300.00
2026-05-21T01:26:08+02:00,gruss-2,N/A,298.66,300.00
2026-05-21T01:26:18+02:00,gruss-2,N/A,298.75,300.00
2026-05-21T01:26:29+02:00,gruss-2,N/A,298.52,300.00
2026-05-21T01:26:39+02:00,gruss-2,N/A,299.49,300.00
2026-05-21T01:26:49+02:00,gruss-2,N/A,298.99,300.00
2026-05-21T01:27:00+02:00,gruss-2,N/A,298.48,300.00
2026-05-21T01:27:10+02:00,gruss-2,N/A,298.60,300.00
2026-05-21T01:27:20+02:00,gruss-2,N/A,298.52,300.00
2026-05-21T01:27:31+02:00,gruss-2,N/A,299.01,300.00
2026-05-21T01:27:41+02:00,gruss-2,N/A,298.46,300.00
2026-05-21T01:27:51+02:00,gruss-2,N/A,298.42,300.00
2026-05-21T01:28:02+02:00,gruss-2,N/A,299.00,300.00
2026-05-21T01:28:12+02:00,gruss-2,N/A,298.74,300.00
2026-05-21T01:28:22+02:00,gruss-2,N/A,298.60,300.00
2026-05-21T01:28:33+02:00,gruss-2,N/A,299.24,300.00
2026-05-21T01:28:43+02:00,gruss-2,N/A,298.96,300.00
2026-05-21T01:28:53+02:00,gruss-2,N/A,299.35,300.00
2026-05-21T01:29:04+02:00,gruss-2,N/A,298.72,300.00
2026-05-21T01:29:14+02:00,gruss-2,N/A,298.95,300.00
2026-05-21T01:29:25+02:00,gruss-2,N/A,298.55,300.00
2026-05-21T01:29:36+02:00,gruss-2,N/A,298.70,300.00
2026-05-21T01:29:46+02:00,gruss-2,N/A,299.00,300.00
2026-05-21T01:29:57+02:00,gruss-2,N/A,298.72,300.00
2026-05-21T01:30:07+02:00,gruss-2,N/A,298.53,300.00
2026-05-21T01:30:17+02:00,gruss-2,N/A,299.03,300.00
2026-05-21T01:30:28+02:00,gruss-2,N/A,298.64,300.00
2026-05-21T01:30:38+02:00,gruss-2,N/A,298.21,300.00
2026-05-21T01:30:48+02:00,gruss-2,N/A,298.26,300.00
2026-05-21T01:30:59+02:00,gruss-2,N/A,298.91,300.00
2026-05-21T01:31:09+02:00,gruss-2,N/A,299.15,300.00
2026-05-21T01:31:19+02:00,gruss-2,N/A,298.45,300.00
2026-05-21T01:31:30+02:00,gruss-2,N/A,299.04,300.00
2026-05-21T01:31:40+02:00,gruss-2,N/A,299.10,300.00
2026-05-21T01:31:50+02:00,gruss-2,N/A,298.53,300.00
2026-05-21T01:32:01+02:00,gruss-2,N/A,298.79,300.00
2026-05-21T01:32:11+02:00,gruss-2,N/A,298.66,300.00
2026-05-21T01:32:21+02:00,gruss-2,N/A,297.83,300.00
2026-05-21T01:32:32+02:00,gruss-2,N/A,298.47,300.00
2026-05-21T01:32:42+02:00,gruss-2,N/A,298.97,300.00
2026-05-21T01:32:52+02:00,gruss-2,N/A,298.57,300.00
2026-05-21T01:33:03+02:00,gruss-2,N/A,298.56,300.00
2026-05-21T01:33:13+02:00,gruss-2,N/A,298.61,300.00
2026-05-21T01:33:24+02:00,gruss-2,N/A,298.74,300.00
2026-05-21T01:33:34+02:00,gruss-2,N/A,299.02,300.00
2026-05-21T01:33:44+02:00,gruss-2,N/A,298.20,300.00
2026-05-21T01:33:54+02:00,gruss-2,N/A,299.05,300.00
2026-05-21T01:34:05+02:00,gruss-2,N/A,299.09,300.00
2026-05-21T01:34:15+02:00,gruss-2,N/A,299.25,300.00
2026-05-21T01:34:26+02:00,gruss-2,N/A,299.50,300.00
2026-05-21T01:34:36+02:00,gruss-2,N/A,299.03,300.00
2026-05-21T01:34:46+02:00,gruss-2,N/A,299.27,300.00
2026-05-21T01:34:56+02:00,gruss-2,N/A,298.77,300.00
2026-05-21T01:35:07+02:00,gruss-2,N/A,298.63,300.00
2026-05-21T01:35:18+02:00,gruss-2,N/A,299.64,300.00
2026-05-21T01:35:28+02:00,gruss-2,N/A,298.38,300.00
2026-05-21T01:35:38+02:00,gruss-2,N/A,298.47,300.00
2026-05-21T01:35:49+02:00,gruss-2,N/A,299.07,300.00
2026-05-21T01:35:59+02:00,gruss-2,N/A,298.25,300.00
2026-05-21T01:36:09+02:00,gruss-2,N/A,298.77,300.00
2026-05-21T01:36:20+02:00,gruss-2,N/A,298.78,300.00
2026-05-21T01:36:30+02:00,gruss-2,N/A,299.11,300.00
2026-05-21T01:36:41+02:00,gruss-2,N/A,299.07,300.00
2026-05-21T01:36:51+02:00,gruss-2,N/A,299.02,300.00
2026-05-21T01:37:02+02:00,gruss-2,N/A,299.16,300.00
2026-05-21T01:37:12+02:00,gruss-2,N/A,298.77,300.00
2026-05-21T01:37:22+02:00,gruss-2,N/A,298.73,300.00
2026-05-21T01:37:33+02:00,gruss-2,N/A,298.60,300.00
2026-05-21T01:37:43+02:00,gruss-2,N/A,298.01,300.00
2026-05-21T01:37:53+02:00,gruss-2,N/A,298.00,300.00
2026-05-21T01:38:04+02:00,gruss-2,N/A,298.21,300.00
2026-05-21T01:38:14+02:00,gruss-2,N/A,298.27,300.00
2026-05-21T01:38:24+02:00,gruss-2,N/A,299.50,300.00
2026-05-21T01:38:35+02:00,gruss-2,N/A,299.62,300.00
2026-05-21T01:38:45+02:00,gruss-2,N/A,299.30,300.00
2026-05-21T01:38:55+02:00,gruss-2,N/A,298.06,300.00
2026-05-21T01:39:06+02:00,gruss-2,N/A,298.99,300.00
2026-05-21T01:39:16+02:00,gruss-2,N/A,298.86,300.00
2026-05-21T01:39:27+02:00,gruss-2,N/A,298.56,300.00
2026-05-21T01:39:37+02:00,gruss-2,N/A,299.74,300.00
2026-05-21T01:39:47+02:00,gruss-2,N/A,299.58,300.00
2026-05-21T01:39:58+02:00,gruss-2,N/A,298.57,300.00
2026-05-21T01:40:09+02:00,gruss-2,N/A,298.24,300.00
2026-05-21T01:40:19+02:00,gruss-2,N/A,299.85,300.00
2026-05-21T01:40:29+02:00,gruss-2,N/A,298.25,300.00
2026-05-21T01:40:40+02:00,gruss-2,N/A,298.64,300.00
2026-05-21T01:40:50+02:00,gruss-2,N/A,299.88,300.00
2026-05-21T01:41:00+02:00,gruss-2,N/A,297.94,300.00
2026-05-21T01:41:11+02:00,gruss-2,N/A,299.59,300.00
2026-05-21T01:41:21+02:00,gruss-2,N/A,298.93,300.00
2026-05-21T01:41:32+02:00,gruss-2,N/A,299.53,300.00
2026-05-21T01:41:42+02:00,gruss-2,N/A,298.17,300.00
2026-05-21T01:41:52+02:00,gruss-2,N/A,299.06,300.00
2026-05-21T01:42:03+02:00,gruss-2,N/A,299.14,300.00
2026-05-21T01:42:13+02:00,gruss-2,N/A,298.67,300.00
2026-05-21T01:42:23+02:00,gruss-2,N/A,298.14,300.00
2026-05-21T01:42:34+02:00,gruss-2,N/A,299.15,300.00
2026-05-21T01:42:44+02:00,gruss-2,N/A,298.48,300.00
2026-05-21T01:42:54+02:00,gruss-2,N/A,299.57,300.00
2026-05-21T01:43:05+02:00,gruss-2,N/A,299.59,300.00
2026-05-21T01:43:15+02:00,gruss-2,N/A,298.30,300.00
2026-05-21T01:43:25+02:00,gruss-2,N/A,299.68,300.00
2026-05-21T01:43:36+02:00,gruss-2,N/A,299.79,300.00
2026-05-21T01:43:46+02:00,gruss-2,N/A,298.10,300.00
2026-05-21T01:43:56+02:00,gruss-2,N/A,299.80,300.00
2026-05-21T01:44:07+02:00,gruss-2,N/A,299.70,300.00
2026-05-21T01:44:17+02:00,gruss-2,N/A,298.69,300.00
2026-05-21T01:44:27+02:00,gruss-2,N/A,299.71,300.00
2026-05-21T01:44:38+02:00,gruss-2,N/A,299.41,300.00
2026-05-21T01:44:48+02:00,gruss-2,N/A,299.48,300.00
2026-05-21T01:44:58+02:00,gruss-2,N/A,298.96,300.00
2026-05-21T01:45:09+02:00,gruss-2,N/A,298.22,300.00
2026-05-21T01:45:19+02:00,gruss-2,N/A,298.80,300.00
2026-05-21T01:45:29+02:00,gruss-2,N/A,299.34,300.00
2026-05-21T01:45:40+02:00,gruss-2,N/A,299.11,300.00
2026-05-21T01:45:50+02:00,gruss-2,N/A,299.13,300.00
2026-05-21T01:46:01+02:00,gruss-2,N/A,298.77,300.00
2026-05-21T01:46:11+02:00,gruss-2,N/A,127.65,300.00
