timestamp, power.draw [W]
2026/04/20 22:13:44.013, 8.60 W
2026/04/20 22:13:54.016, 8.31 W
2026/04/20 22:14:04.020, 8.50 W
2026/04/20 22:14:14.023, 14.55 W
2026/04/20 22:14:24.031, 8.89 W
2026/04/20 22:14:34.035, 8.30 W
2026/04/20 22:14:44.038, 8.40 W
2026/04/20 22:14:54.042, 8.21 W
2026/04/20 22:15:04.045, 8.41 W
2026/04/20 22:15:14.048, 8.40 W
2026/04/20 22:15:24.052, 8.40 W
2026/04/20 22:15:34.055, 8.40 W
2026/04/20 22:15:44.058, 8.11 W
2026/04/20 22:15:54.061, 8.60 W
2026/04/20 22:16:04.064, 8.79 W
2026/04/20 22:16:14.067, 8.40 W
2026/04/20 22:16:24.071, 8.11 W
2026/04/20 22:16:34.074, 8.50 W
2026/04/20 22:16:44.077, 8.21 W
2026/04/20 22:16:54.080, 8.69 W
2026/04/20 22:17:04.083, 8.31 W
2026/04/20 22:17:14.087, 8.50 W
2026/04/20 22:17:24.090, 8.50 W
2026/04/20 22:17:34.094, 8.30 W
2026/04/20 22:17:44.097, 8.60 W
2026/04/20 22:17:54.101, 8.60 W
2026/04/20 22:18:04.104, 9.18 W
2026/04/20 22:18:14.108, 8.60 W
2026/04/20 22:18:24.111, 8.40 W
2026/04/20 22:18:34.114, 8.11 W
2026/04/20 22:18:44.117, 8.50 W
2026/04/20 22:18:54.120, 8.40 W
2026/04/20 22:19:04.123, 8.50 W
2026/04/20 22:19:14.127, 8.50 W
2026/04/20 22:19:24.129, 8.70 W
2026/04/20 22:19:34.133, 8.30 W
2026/04/20 22:19:44.136, 8.31 W
2026/04/20 22:19:54.139, 8.21 W
2026/04/20 22:20:04.143, 8.60 W
2026/04/20 22:20:14.146, 8.50 W
2026/04/20 22:20:24.149, 8.50 W
2026/04/20 22:20:34.152, 8.50 W
2026/04/20 22:20:44.155, 8.40 W
2026/04/20 22:20:54.159, 8.69 W
2026/04/20 22:21:04.162, 8.40 W
2026/04/20 22:21:14.165, 8.40 W
2026/04/20 22:21:24.168, 8.40 W
2026/04/20 22:21:34.171, 8.21 W
2026/04/20 22:21:44.175, 11.72 W
2026/04/20 22:21:54.178, 8.69 W
2026/04/20 22:22:04.181, 8.51 W
2026/04/20 22:22:14.184, 8.60 W
2026/04/20 22:22:24.187, 8.60 W
2026/04/20 22:22:34.191, 8.99 W
2026/04/20 22:22:44.194, 8.30 W
2026/04/20 22:22:54.198, 8.60 W
2026/04/20 22:23:04.201, 8.60 W
2026/04/20 22:23:14.204, 8.50 W
2026/04/20 22:23:24.207, 9.28 W
2026/04/20 22:23:34.210, 8.40 W
2026/04/20 22:23:44.213, 8.30 W
2026/04/20 22:23:54.216, 8.11 W
2026/04/20 22:24:04.220, 8.40 W
2026/04/20 22:24:14.223, 8.40 W
2026/04/20 22:24:24.227, 8.40 W
2026/04/20 22:24:34.229, 8.11 W
2026/04/20 22:24:44.232, 8.50 W
2026/04/20 22:24:54.236, 8.40 W
2026/04/20 22:25:04.239, 8.30 W
2026/04/20 22:25:14.242, 8.30 W
2026/04/20 22:25:24.244, 12.69 W
2026/04/20 22:25:34.248, 8.50 W
2026/04/20 22:25:44.251, 8.50 W
2026/04/20 22:25:54.254, 8.50 W
2026/04/20 22:26:04.258, 8.21 W
2026/04/20 22:26:14.261, 12.11 W
2026/04/20 22:26:24.264, 8.60 W
2026/04/20 22:26:34.267, 8.50 W
2026/04/20 22:26:44.270, 8.90 W
2026/04/20 22:26:54.273, 8.79 W
2026/04/20 22:27:04.277, 8.70 W
2026/04/20 22:27:14.280, 9.09 W
2026/04/20 22:27:24.283, 8.89 W
2026/04/20 22:27:34.288, 8.60 W
2026/04/20 22:27:44.291, 8.40 W
2026/04/20 22:27:54.294, 8.31 W
2026/04/20 22:28:04.298, 8.50 W
2026/04/20 22:28:14.301, 8.40 W
2026/04/20 22:28:24.304, 8.70 W
2026/04/20 22:28:34.307, 8.31 W
2026/04/20 22:28:44.310, 8.41 W
2026/04/20 22:28:54.313, 8.41 W
2026/04/20 22:29:04.316, 8.60 W
2026/04/20 22:29:14.319, 8.50 W
2026/04/20 22:29:24.322, 8.31 W
2026/04/20 22:29:34.326, 8.31 W
2026/04/20 22:29:44.329, 8.50 W
2026/04/20 22:29:54.333, 8.50 W
2026/04/20 22:30:04.336, 8.41 W
2026/04/20 22:30:14.339, 8.40 W
2026/04/20 22:30:24.342, 8.31 W
2026/04/20 22:30:34.345, 8.31 W
2026/04/20 22:30:44.348, 8.40 W
2026/04/20 22:30:54.352, 8.80 W
2026/04/20 22:31:04.355, 8.60 W
2026/04/20 22:31:14.358, 8.99 W
2026/04/20 22:31:24.362, 8.60 W
2026/04/20 22:31:34.365, 9.28 W
2026/04/20 22:31:44.368, 8.89 W
2026/04/20 22:31:54.372, 8.70 W
2026/04/20 22:32:04.375, 8.70 W
2026/04/20 22:32:14.379, 8.31 W
2026/04/20 22:32:24.381, 8.40 W
2026/04/20 22:32:34.384, 14.65 W
2026/04/20 22:32:44.408, 8.40 W
2026/04/20 22:32:54.412, 8.80 W
2026/04/20 22:33:04.415, 8.31 W
2026/04/20 22:33:14.419, 8.40 W
2026/04/20 22:33:24.421, 8.11 W
2026/04/20 22:33:34.425, 8.60 W
2026/04/20 22:33:44.428, 8.41 W
2026/04/20 22:33:54.431, 8.60 W
2026/04/20 22:34:04.435, 8.60 W
2026/04/20 22:34:14.438, 8.50 W
2026/04/20 22:34:24.442, 8.60 W
2026/04/20 22:34:34.445, 8.69 W
2026/04/20 22:34:44.448, 8.89 W
2026/04/20 22:34:54.452, 8.60 W
2026/04/20 22:35:04.455, 8.40 W
2026/04/20 22:35:14.459, 14.74 W
2026/04/20 22:35:24.466, 8.50 W
2026/04/20 22:35:34.469, 8.60 W
2026/04/20 22:35:44.473, 8.70 W
2026/04/20 22:35:54.476, 8.60 W
2026/04/20 22:36:04.479, 8.31 W
2026/04/20 22:36:14.483, 11.62 W
2026/04/20 22:36:24.486, 8.50 W
2026/04/20 22:36:34.490, 8.60 W
2026/04/20 22:36:44.493, 8.40 W
2026/04/20 22:36:54.496, 8.89 W
2026/04/20 22:37:04.499, 8.70 W
2026/04/20 22:37:14.502, 14.64 W
2026/04/20 22:37:24.505, 8.69 W
2026/04/20 22:37:34.508, 8.50 W
2026/04/20 22:37:44.511, 8.50 W
2026/04/20 22:37:54.515, 8.21 W
2026/04/20 22:38:04.518, 8.70 W
2026/04/20 22:38:14.522, 8.60 W
2026/04/20 22:38:24.525, 8.31 W
2026/04/20 22:38:34.528, 8.21 W
2026/04/20 22:38:44.531, 8.40 W
2026/04/20 22:38:54.534, 8.50 W
2026/04/20 22:39:04.536, 8.60 W
2026/04/20 22:39:14.540, 8.50 W
2026/04/20 22:39:24.543, 8.50 W
2026/04/20 22:39:34.546, 8.21 W
2026/04/20 22:39:44.550, 8.50 W
2026/04/20 22:39:54.553, 8.21 W
2026/04/20 22:40:04.557, 8.60 W
2026/04/20 22:40:14.560, 8.79 W
2026/04/20 22:40:24.563, 8.51 W
2026/04/20 22:40:34.566, 8.69 W
2026/04/20 22:40:44.569, 8.60 W
2026/04/20 22:40:54.572, 8.50 W
2026/04/20 22:41:04.575, 8.79 W
2026/04/20 22:41:14.579, 8.79 W
2026/04/20 22:41:24.582, 8.90 W
2026/04/20 22:41:34.586, 8.40 W
2026/04/20 22:41:44.589, 8.79 W
2026/04/20 22:41:54.593, 8.60 W
2026/04/20 22:42:04.597, 8.69 W
2026/04/20 22:42:14.600, 8.11 W
2026/04/20 22:42:24.604, 8.50 W
2026/04/20 22:42:34.606, 8.21 W
2026/04/20 22:42:44.609, 8.41 W
2026/04/20 22:42:54.612, 8.40 W
2026/04/20 22:43:04.615, 8.40 W
2026/04/20 22:43:14.618, 8.60 W
2026/04/20 22:43:24.621, 8.31 W
2026/04/20 22:43:34.624, 8.30 W
2026/04/20 22:43:44.627, 8.50 W
2026/04/20 22:43:54.630, 8.50 W
2026/04/20 22:44:04.634, 8.30 W
2026/04/20 22:44:14.637, 8.60 W
2026/04/20 22:44:24.640, 8.50 W
2026/04/20 22:44:34.643, 8.50 W
2026/04/20 22:44:44.647, 8.21 W
2026/04/20 22:44:54.650, 8.60 W
2026/04/20 22:45:04.652, 8.51 W
2026/04/20 22:45:14.656, 8.31 W
2026/04/20 22:45:24.659, 8.11 W
2026/04/20 22:45:34.662, 8.60 W
2026/04/20 22:45:44.666, 8.70 W
2026/04/20 22:45:54.669, 8.41 W
2026/04/20 22:46:04.673, 8.79 W
2026/04/20 22:46:14.676, 8.89 W
2026/04/20 22:46:24.679, 8.89 W
2026/04/20 22:46:34.683, 8.89 W
2026/04/20 22:46:44.686, 9.28 W
2026/04/20 22:46:54.689, 8.79 W
2026/04/20 22:47:04.693, 8.21 W
2026/04/20 22:47:14.696, 8.40 W
2026/04/20 22:47:24.700, 8.31 W
2026/04/20 22:47:34.703, 8.30 W
2026/04/20 22:47:44.706, 8.60 W
2026/04/20 22:47:54.710, 8.50 W
2026/04/20 22:48:04.713, 8.60 W
2026/04/20 22:48:14.716, 8.60 W
2026/04/20 22:48:24.719, 8.11 W
2026/04/20 22:48:34.723, 8.60 W
2026/04/20 22:48:44.726, 8.50 W
2026/04/20 22:48:54.730, 8.50 W
2026/04/20 22:49:04.733, 8.41 W
2026/04/20 22:49:14.736, 8.60 W
2026/04/20 22:49:24.739, 8.89 W
2026/04/20 22:49:34.742, 8.31 W
2026/04/20 22:49:44.746, 8.60 W
2026/04/20 22:49:54.749, 8.31 W
2026/04/20 22:50:04.753, 8.21 W
2026/04/20 22:50:14.756, 8.50 W
2026/04/20 22:50:24.759, 8.31 W
2026/04/20 22:50:34.762, 8.40 W
2026/04/20 22:50:44.766, 8.40 W
2026/04/20 22:50:54.769, 8.69 W
2026/04/20 22:51:04.773, 8.89 W
2026/04/20 22:51:14.776, 8.60 W
2026/04/20 22:51:24.779, 8.60 W
2026/04/20 22:51:34.783, 8.60 W
2026/04/20 22:51:44.786, 8.70 W
2026/04/20 22:51:54.789, 8.31 W
2026/04/20 22:52:04.792, 8.40 W
2026/04/20 22:52:14.795, 8.31 W
2026/04/20 22:52:24.799, 8.31 W
2026/04/20 22:52:34.802, 8.31 W
2026/04/20 22:52:44.805, 8.21 W
2026/04/20 22:52:54.808, 8.41 W
2026/04/20 22:53:04.811, 8.31 W
2026/04/20 22:53:14.814, 8.60 W
2026/04/20 22:53:24.817, 8.40 W
2026/04/20 22:53:34.820, 8.60 W
2026/04/20 22:53:44.824, 11.33 W
2026/04/20 22:53:54.827, 8.50 W
2026/04/20 22:54:04.830, 8.69 W
2026/04/20 22:54:14.833, 8.70 W
2026/04/20 22:54:24.837, 8.21 W
2026/04/20 22:54:34.840, 8.40 W
2026/04/20 22:54:44.843, 14.26 W
2026/04/20 22:54:54.847, 8.50 W
2026/04/20 22:55:04.849, 8.69 W
2026/04/20 22:55:14.853, 8.50 W
2026/04/20 22:55:24.856, 8.69 W
2026/04/20 22:55:34.859, 9.19 W
2026/04/20 22:55:44.862, 9.09 W
2026/04/20 22:55:54.864, 8.50 W
2026/04/20 22:56:04.867, 8.99 W
2026/04/20 22:56:14.871, 8.40 W
2026/04/20 22:56:24.873, 8.60 W
2026/04/20 22:56:34.876, 11.52 W
2026/04/20 22:56:44.880, 8.40 W
2026/04/20 22:56:54.883, 8.21 W
2026/04/20 22:57:04.886, 8.69 W
2026/04/20 22:57:14.890, 8.79 W
2026/04/20 22:57:24.893, 14.44 W
2026/04/20 22:57:34.903, 8.40 W
2026/04/20 22:57:44.907, 8.50 W
2026/04/20 22:57:54.909, 8.50 W
2026/04/20 22:58:04.913, 8.50 W
2026/04/20 22:58:14.916, 8.31 W
2026/04/20 22:58:24.920, 8.60 W
2026/04/20 22:58:34.923, 8.11 W
2026/04/20 22:58:44.926, 8.40 W
2026/04/20 22:58:54.929, 8.50 W
2026/04/20 22:59:04.933, 8.60 W
2026/04/20 22:59:14.936, 8.50 W
2026/04/20 22:59:24.939, 8.79 W
2026/04/20 22:59:34.942, 8.89 W
2026/04/20 22:59:44.946, 8.60 W
2026/04/20 22:59:54.949, 8.60 W
2026/04/20 23:00:04.953, 8.60 W
2026/04/20 23:00:14.956, 8.40 W
2026/04/20 23:00:24.959, 8.69 W
2026/04/20 23:00:34.962, 8.70 W
2026/04/20 23:00:44.964, 8.79 W
2026/04/20 23:00:54.968, 8.69 W
2026/04/20 23:01:04.971, 8.99 W
2026/04/20 23:01:14.975, 8.60 W
2026/04/20 23:01:24.978, 8.41 W
2026/04/20 23:01:34.981, 8.60 W
2026/04/20 23:01:44.985, 8.21 W
2026/04/20 23:01:54.988, 8.50 W
2026/04/20 23:02:04.991, 8.21 W
2026/04/20 23:02:14.994, 8.60 W
2026/04/20 23:02:24.997, 8.31 W
2026/04/20 23:02:35.001, 8.60 W
2026/04/20 23:02:45.004, 8.21 W
2026/04/20 23:02:55.008, 8.60 W
2026/04/20 23:03:05.011, 8.31 W
2026/04/20 23:03:15.015, 8.11 W
2026/04/20 23:03:25.018, 8.50 W
2026/04/20 23:03:35.022, 8.50 W
2026/04/20 23:03:45.025, 8.60 W
2026/04/20 23:03:55.028, 8.21 W
2026/04/20 23:04:05.031, 8.31 W
2026/04/20 23:04:15.034, 8.60 W
2026/04/20 23:04:25.037, 8.69 W
2026/04/20 23:04:35.040, 8.31 W
2026/04/20 23:04:45.044, 8.50 W
2026/04/20 23:04:55.047, 8.70 W
2026/04/20 23:05:05.050, 8.69 W
2026/04/20 23:05:15.053, 8.69 W
2026/04/20 23:05:25.057, 8.69 W
2026/04/20 23:05:35.060, 8.60 W
2026/04/20 23:05:45.063, 8.41 W
2026/04/20 23:05:55.066, 8.50 W
2026/04/20 23:06:05.069, 8.21 W
2026/04/20 23:06:15.072, 8.40 W
2026/04/20 23:06:25.076, 8.31 W
2026/04/20 23:06:35.079, 8.40 W
2026/04/20 23:06:45.081, 8.31 W
2026/04/20 23:06:55.084, 8.31 W
2026/04/20 23:07:05.087, 8.51 W
2026/04/20 23:07:15.091, 8.70 W
2026/04/20 23:07:25.094, 8.41 W
2026/04/20 23:07:35.097, 10.45 W
2026/04/20 23:07:45.100, 8.50 W
2026/04/20 23:07:55.104, 8.60 W
2026/04/20 23:08:05.107, 8.31 W
2026/04/20 23:08:15.110, 8.31 W
2026/04/20 23:08:25.114, 8.50 W
2026/04/20 23:08:35.117, 8.50 W
2026/04/20 23:08:45.121, 8.70 W
2026/04/20 23:08:55.124, 8.40 W
2026/04/20 23:09:05.127, 8.60 W
2026/04/20 23:09:15.130, 8.50 W
2026/04/20 23:09:25.133, 8.70 W
2026/04/20 23:09:35.136, 14.84 W
2026/04/20 23:09:45.150, 8.31 W
2026/04/20 23:09:55.153, 8.80 W
2026/04/20 23:10:05.157, 8.69 W
2026/04/20 23:10:15.161, 8.80 W
2026/04/20 23:10:25.164, 8.50 W
2026/04/20 23:10:35.168, 8.31 W
2026/04/20 23:10:45.171, 8.70 W
2026/04/20 23:10:55.175, 8.40 W
2026/04/20 23:11:05.178, 8.40 W
2026/04/20 23:11:15.182, 8.50 W
2026/04/20 23:11:25.185, 8.60 W
2026/04/20 23:11:35.188, 8.60 W
2026/04/20 23:11:45.192, 8.40 W
2026/04/20 23:11:55.195, 8.30 W
2026/04/20 23:12:05.198, 8.50 W
2026/04/20 23:12:15.202, 8.40 W
2026/04/20 23:12:25.204, 10.26 W
2026/04/20 23:12:35.208, 8.50 W
2026/04/20 23:12:45.211, 8.31 W
2026/04/20 23:12:55.214, 8.40 W
2026/04/20 23:13:05.217, 8.11 W
2026/04/20 23:13:15.220, 8.40 W
2026/04/20 23:13:25.224, 8.51 W
2026/04/20 23:13:35.227, 8.40 W
2026/04/20 23:13:45.230, 8.60 W
2026/04/20 23:13:55.233, 8.79 W
2026/04/20 23:14:05.237, 8.60 W
2026/04/20 23:14:15.240, 9.09 W
2026/04/20 23:14:25.244, 8.79 W
2026/04/20 23:14:35.247, 8.79 W
2026/04/20 23:14:45.251, 8.60 W
2026/04/20 23:14:55.253, 8.60 W
2026/04/20 23:15:05.257, 8.31 W
2026/04/20 23:15:15.260, 8.60 W
2026/04/20 23:15:25.263, 8.60 W
2026/04/20 23:15:35.267, 8.40 W
2026/04/20 23:15:45.269, 8.31 W
2026/04/20 23:15:55.273, 8.41 W
2026/04/20 23:16:05.276, 8.21 W
2026/04/20 23:16:15.279, 8.21 W
2026/04/20 23:16:25.283, 8.70 W
2026/04/20 23:16:35.285, 8.51 W
2026/04/20 23:16:45.288, 8.40 W
2026/04/20 23:16:55.292, 8.21 W
2026/04/20 23:17:05.295, 8.40 W
2026/04/20 23:17:15.298, 8.01 W
2026/04/20 23:17:25.302, 8.99 W
2026/04/20 23:17:35.305, 8.60 W
2026/04/20 23:17:45.309, 8.69 W
2026/04/20 23:17:55.312, 8.60 W
2026/04/20 23:18:05.315, 8.40 W
2026/04/20 23:18:15.318, 8.50 W
2026/04/20 23:18:25.321, 8.69 W
2026/04/20 23:18:35.325, 8.69 W
2026/04/20 23:18:45.328, 14.64 W
2026/04/20 23:18:55.332, 8.70 W
2026/04/20 23:19:05.335, 8.21 W
2026/04/20 23:19:15.338, 8.51 W
2026/04/20 23:19:25.341, 8.21 W
2026/04/20 23:19:35.344, 8.41 W
2026/04/20 23:19:45.347, 8.50 W
2026/04/20 23:19:55.351, 8.50 W
2026/04/20 23:20:05.354, 8.60 W
2026/04/20 23:20:15.358, 8.30 W
2026/04/20 23:20:25.361, 8.69 W
2026/04/20 23:20:35.365, 8.40 W
2026/04/20 23:20:45.368, 8.40 W
2026/04/20 23:20:55.371, 8.11 W
2026/04/20 23:21:05.374, 8.50 W
2026/04/20 23:21:15.377, 8.11 W
2026/04/20 23:21:25.381, 14.65 W
2026/04/20 23:21:35.401, 8.40 W
2026/04/20 23:21:45.404, 8.50 W
2026/04/20 23:21:55.407, 8.50 W
2026/04/20 23:22:05.411, 8.50 W
2026/04/20 23:22:15.413, 9.77 W
2026/04/20 23:22:25.417, 8.30 W
2026/04/20 23:22:35.420, 8.50 W
2026/04/20 23:22:45.423, 8.70 W
2026/04/20 23:22:55.426, 8.60 W
2026/04/20 23:23:05.430, 10.74 W
2026/04/20 23:23:15.433, 9.09 W
2026/04/20 23:23:25.436, 8.99 W
2026/04/20 23:23:35.439, 8.60 W
2026/04/20 23:23:45.443, 8.99 W
2026/04/20 23:23:55.446, 10.45 W
2026/04/20 23:24:05.450, 8.40 W
2026/04/20 23:24:15.452, 8.60 W
2026/04/20 23:24:25.455, 8.30 W
2026/04/20 23:24:35.459, 8.60 W
2026/04/20 23:24:45.462, 14.74 W
2026/04/20 23:24:55.471, 8.31 W
2026/04/20 23:25:05.474, 8.40 W
2026/04/20 23:25:15.477, 8.12 W
2026/04/20 23:25:25.480, 8.40 W
2026/04/20 23:25:35.484, 14.54 W
2026/04/20 23:25:45.488, 8.40 W
2026/04/20 23:25:55.491, 8.40 W
2026/04/20 23:26:05.494, 8.40 W
2026/04/20 23:26:15.497, 8.60 W
2026/04/20 23:26:25.500, 9.58 W
2026/04/20 23:26:35.504, 8.40 W
2026/04/20 23:26:45.507, 8.31 W
2026/04/20 23:26:55.509, 8.50 W
2026/04/20 23:27:05.513, 8.41 W
2026/04/20 23:27:15.516, 8.60 W
2026/04/20 23:27:25.519, 8.60 W
2026/04/20 23:27:35.523, 8.70 W
2026/04/20 23:27:45.526, 8.60 W
2026/04/20 23:27:55.530, 8.79 W
2026/04/20 23:28:05.532, 9.18 W
2026/04/20 23:28:15.536, 8.60 W
2026/04/20 23:28:25.539, 8.80 W
2026/04/20 23:28:35.542, 8.60 W
2026/04/20 23:28:45.545, 8.70 W
2026/04/20 23:28:55.548, 8.40 W
2026/04/20 23:29:05.552, 8.70 W
2026/04/20 23:29:15.554, 8.21 W
2026/04/20 23:29:25.558, 8.41 W
2026/04/20 23:29:35.561, 8.41 W
2026/04/20 23:29:45.564, 8.60 W
2026/04/20 23:29:55.567, 8.51 W
2026/04/20 23:30:05.570, 8.30 W
2026/04/20 23:30:15.574, 8.50 W
2026/04/20 23:30:25.577, 8.80 W
2026/04/20 23:30:35.581, 8.21 W
2026/04/20 23:30:45.584, 8.60 W
2026/04/20 23:30:55.587, 11.04 W
2026/04/20 23:31:05.590, 8.50 W
2026/04/20 23:31:15.593, 8.60 W
2026/04/20 23:31:25.596, 8.11 W
2026/04/20 23:31:35.600, 8.60 W
2026/04/20 23:31:45.603, 8.21 W
2026/04/20 23:31:55.606, 8.69 W
2026/04/20 23:32:05.609, 8.21 W
2026/04/20 23:32:15.613, 8.69 W
2026/04/20 23:32:25.616, 8.60 W
2026/04/20 23:32:35.619, 8.70 W
2026/04/20 23:32:45.622, 8.69 W
2026/04/20 23:32:55.625, 8.70 W
2026/04/20 23:33:05.628, 8.89 W
2026/04/20 23:33:15.633, 8.50 W
2026/04/20 23:33:25.637, 8.60 W
2026/04/20 23:33:35.640, 8.21 W
2026/04/20 23:33:45.643, 8.41 W
2026/04/20 23:33:55.646, 8.40 W
2026/04/20 23:34:05.649, 8.50 W
2026/04/20 23:34:15.653, 8.21 W
2026/04/20 23:34:25.656, 8.60 W
2026/04/20 23:34:35.659, 8.31 W
2026/04/20 23:34:45.663, 8.40 W
2026/04/20 23:34:55.666, 8.60 W
2026/04/20 23:35:05.670, 8.50 W
2026/04/20 23:35:15.673, 8.21 W
2026/04/20 23:35:25.677, 8.31 W
2026/04/20 23:35:35.680, 8.60 W
2026/04/20 23:35:45.683, 8.40 W
2026/04/20 23:35:55.687, 8.51 W
2026/04/20 23:36:05.690, 8.40 W
2026/04/20 23:36:15.693, 8.40 W
2026/04/20 23:36:25.696, 8.40 W
2026/04/20 23:36:35.700, 8.40 W
2026/04/20 23:36:45.703, 8.50 W
2026/04/20 23:36:55.707, 8.50 W
2026/04/20 23:37:05.709, 8.60 W
2026/04/20 23:37:15.713, 8.79 W
2026/04/20 23:37:25.716, 8.40 W
2026/04/20 23:37:35.719, 9.09 W
2026/04/20 23:37:45.723, 14.64 W
2026/04/20 23:37:55.727, 8.69 W
2026/04/20 23:38:05.730, 8.40 W
2026/04/20 23:38:15.733, 8.50 W
2026/04/20 23:38:25.737, 8.40 W
2026/04/20 23:38:35.740, 14.73 W
2026/04/20 23:38:45.743, 8.60 W
2026/04/20 23:38:55.746, 8.21 W
2026/04/20 23:39:05.749, 8.60 W
2026/04/20 23:39:15.753, 8.11 W
2026/04/20 23:39:25.756, 8.60 W
2026/04/20 23:39:35.760, 8.50 W
2026/04/20 23:39:45.763, 8.70 W
2026/04/20 23:39:55.766, 8.31 W
2026/04/20 23:40:05.769, 8.50 W
2026/04/20 23:40:15.772, 8.40 W
2026/04/20 23:40:25.776, 11.23 W
2026/04/20 23:40:35.779, 8.60 W
2026/04/20 23:40:45.782, 8.80 W
2026/04/20 23:40:55.785, 8.40 W
2026/04/20 23:41:05.788, 8.51 W
2026/04/20 23:41:15.791, 9.29 W
2026/04/20 23:41:25.794, 8.60 W
2026/04/20 23:41:35.798, 8.90 W
2026/04/20 23:41:45.801, 8.89 W
2026/04/20 23:41:55.804, 8.89 W
2026/04/20 23:42:05.808, 8.70 W
2026/04/20 23:42:15.811, 8.70 W
2026/04/20 23:42:25.815, 8.60 W
2026/04/20 23:42:35.819, 8.40 W
2026/04/20 23:42:45.822, 8.41 W
2026/04/20 23:42:55.826, 8.50 W
2026/04/20 23:43:05.829, 10.06 W
2026/04/20 23:43:15.833, 8.31 W
2026/04/20 23:43:25.836, 8.50 W
2026/04/20 23:43:35.839, 8.50 W
2026/04/20 23:43:45.843, 8.70 W
2026/04/20 23:43:55.845, 9.77 W
2026/04/20 23:44:05.849, 8.50 W
2026/04/20 23:44:15.852, 8.30 W
2026/04/20 23:44:25.855, 8.40 W
2026/04/20 23:44:35.858, 8.50 W
2026/04/20 23:44:45.861, 8.50 W
2026/04/20 23:44:55.864, 8.40 W
2026/04/20 23:45:05.868, 8.21 W
2026/04/20 23:45:15.871, 8.40 W
2026/04/20 23:45:25.874, 8.50 W
2026/04/20 23:45:35.877, 8.60 W
2026/04/20 23:45:45.880, 8.60 W
2026/04/20 23:45:55.884, 8.70 W
2026/04/20 23:46:05.887, 8.40 W
2026/04/20 23:46:15.890, 8.69 W
2026/04/20 23:46:25.893, 8.40 W
2026/04/20 23:46:35.897, 14.73 W
2026/04/20 23:46:45.902, 8.60 W
2026/04/20 23:46:55.905, 8.89 W
2026/04/20 23:47:05.908, 8.99 W
2026/04/20 23:47:15.912, 8.79 W
2026/04/20 23:47:25.915, 8.60 W
2026/04/20 23:47:35.917, 8.79 W
2026/04/20 23:47:45.920, 8.99 W
2026/04/20 23:47:55.923, 8.21 W
2026/04/20 23:48:05.925, 8.50 W
2026/04/20 23:48:15.929, 8.31 W
2026/04/20 23:48:25.932, 8.21 W
2026/04/20 23:48:35.935, 8.41 W
2026/04/20 23:48:45.938, 8.50 W
2026/04/20 23:48:55.940, 8.50 W
2026/04/20 23:49:05.943, 8.60 W
2026/04/20 23:49:15.947, 8.60 W
2026/04/20 23:49:25.949, 14.55 W
2026/04/20 23:49:35.958, 8.31 W
2026/04/20 23:49:45.961, 8.21 W
2026/04/20 23:49:55.964, 8.31 W
2026/04/20 23:50:05.968, 8.51 W
2026/04/20 23:50:15.971, 8.40 W
2026/04/20 23:50:25.974, 8.69 W
2026/04/20 23:50:35.977, 8.70 W
2026/04/20 23:50:45.980, 8.60 W
2026/04/20 23:50:55.984, 8.70 W
2026/04/20 23:51:05.987, 8.89 W
2026/04/20 23:51:15.990, 9.48 W
2026/04/20 23:51:25.992, 8.89 W
2026/04/20 23:51:35.996, 8.50 W
2026/04/20 23:51:45.999, 8.70 W
2026/04/20 23:51:56.003, 8.60 W
2026/04/20 23:52:06.006, 8.60 W
2026/04/20 23:52:16.009, 8.60 W
2026/04/20 23:52:26.012, 8.79 W
2026/04/20 23:52:36.016, 8.60 W
2026/04/20 23:52:46.019, 8.50 W
2026/04/20 23:52:56.021, 8.40 W
2026/04/20 23:53:06.024, 8.50 W
2026/04/20 23:53:16.027, 8.60 W
2026/04/20 23:53:26.031, 8.60 W
2026/04/20 23:53:36.033, 8.30 W
2026/04/20 23:53:46.037, 8.11 W
2026/04/20 23:53:56.040, 8.41 W
2026/04/20 23:54:06.043, 8.31 W
2026/04/20 23:54:16.046, 8.60 W
2026/04/20 23:54:26.049, 8.60 W
2026/04/20 23:54:36.052, 8.31 W
2026/04/20 23:54:46.056, 8.31 W
2026/04/20 23:54:56.059, 8.50 W
2026/04/20 23:55:06.062, 8.60 W
2026/04/20 23:55:16.065, 8.60 W
2026/04/20 23:55:26.069, 8.79 W
2026/04/20 23:55:36.072, 9.28 W
2026/04/20 23:55:46.075, 8.80 W
2026/04/20 23:55:56.079, 8.51 W
2026/04/20 23:56:06.082, 8.69 W
2026/04/20 23:56:16.085, 8.99 W
2026/04/20 23:56:26.090, 9.57 W
2026/04/20 23:56:36.093, 8.31 W
2026/04/20 23:56:46.096, 8.31 W
2026/04/20 23:56:56.100, 8.31 W
2026/04/20 23:57:06.103, 8.31 W
2026/04/20 23:57:16.106, 8.30 W
2026/04/20 23:57:26.110, 8.30 W
2026/04/20 23:57:36.113, 8.50 W
2026/04/20 23:57:46.116, 8.21 W
2026/04/20 23:57:56.119, 8.51 W
2026/04/20 23:58:06.123, 8.21 W
2026/04/20 23:58:16.126, 8.60 W
2026/04/20 23:58:26.129, 8.21 W
2026/04/20 23:58:36.132, 8.40 W
2026/04/20 23:58:46.135, 8.11 W
2026/04/20 23:58:56.138, 8.89 W
2026/04/20 23:59:06.142, 8.21 W
2026/04/20 23:59:16.145, 8.30 W
2026/04/20 23:59:26.149, 9.09 W
2026/04/20 23:59:36.151, 8.60 W
2026/04/20 23:59:46.154, 8.50 W
2026/04/20 23:59:56.157, 12.79 W
2026/04/21 00:00:06.159, 8.31 W
2026/04/21 00:00:16.163, 8.50 W
2026/04/21 00:00:26.166, 8.70 W
2026/04/21 00:00:36.169, 8.80 W
2026/04/21 00:00:46.172, 8.79 W
2026/04/21 00:00:56.176, 8.69 W
2026/04/21 00:01:06.179, 8.79 W
2026/04/21 00:01:16.183, 8.40 W
2026/04/21 00:01:26.186, 8.80 W
2026/04/21 00:01:36.190, 8.31 W
2026/04/21 00:01:46.193, 8.31 W
2026/04/21 00:01:56.196, 8.50 W
2026/04/21 00:02:06.200, 8.60 W
2026/04/21 00:02:16.203, 8.11 W
2026/04/21 00:02:26.206, 8.50 W
2026/04/21 00:02:36.210, 8.60 W
2026/04/21 00:02:46.214, 8.31 W
2026/04/21 00:02:56.217, 8.50 W
2026/04/21 00:03:06.220, 8.21 W
2026/04/21 00:03:16.224, 8.31 W
2026/04/21 00:03:26.227, 8.21 W
2026/04/21 00:03:36.231, 8.70 W
2026/04/21 00:03:46.234, 8.41 W
